,litigious
ABROGATE,0.0
ABROGATED,0.0
ABROGATES,0.0
ABROGATING,0.0
ABROGATION,0.0
ABROGATIONS,0.0
ACQUIT,0.0
ACQUITS,0.0
ACQUITTAL,0.0
ACQUITTALS,0.0
ACQUITTED,0.0
ACQUITTING,0.0
ALLEGATION,0.0
ALLEGATIONS,0.0
ALLEGE,0.0
ALLEGED,0.0
ALLEGEDLY,0.0
ALLEGES,0.0
ALLEGING,0.0
ANTITRUST,0.0
ARREARAGE,0.0
ARREARAGES,0.0
BAIL,0.0
BREACH,0.0
BREACHED,0.0
BREACHES,0.0
BREACHING,0.0
CLAIMS,0.0
COLLUSION,0.0
CONVICT,0.0
CONVICTED,0.0
CONVICTING,0.0
CONVICTION,0.0
CONVICTIONS,0.0
CRIME,0.0
CRIMES,0.0
CRIMINAL,0.0
CRIMINALLY,0.0
CRIMINALS,0.0
DEFENDANT,0.0
DEFENDANTS,0.0
DISAFFILIATION,0.0
ENCUMBER,0.0
ENCUMBERED,0.0
ENCUMBERING,0.0
ENCUMBERS,0.0
ENCUMBRANCE,0.0
ENCUMBRANCES,0.0
EXCULPATE,0.0
EXCULPATED,0.0
EXCULPATES,0.0
EXCULPATING,0.0
EXCULPATION,0.0
EXCULPATIONS,0.0
EXCULPATORY,0.0
FELONIES,0.0
FELONIOUS,0.0
FELONY,0.0
FUGITIVE,0.0
FUGITIVES,0.0
INCAPACITY,0.0
INCARCERATE,0.0
INCARCERATED,0.0
INCARCERATES,0.0
INCARCERATING,0.0
INCARCERATION,0.0
INCARCERATIONS,0.0
INDICT,0.0
INDICTABLE,0.0
INDICTED,0.0
INDICTING,0.0
INDICTMENT,0.0
INDICTMENTS,0.0
INFRACTION,0.0
INFRACTIONS,0.0
INJUNCTION,0.0
INJUNCTIONS,0.0
LITIGANT,0.0
LITIGANTS,0.0
LITIGATE,0.0
LITIGATED,0.0
LITIGATES,0.0
LITIGATING,0.0
LITIGATION,0.0
LITIGATIONS,0.0
MISDEMEANOR,0.0
MISTRIAL,0.0
MISTRIALS,0.0
NULLIFICATION,0.0
NULLIFICATIONS,0.0
NULLIFIED,0.0
NULLIFIES,0.0
NULLIFY,0.0
NULLIFYING,0.0
PERJURY,0.0
PERPETRATE,0.0
PERPETRATED,0.0
PERPETRATES,0.0
PERPETRATING,0.0
PERPETRATION,0.0
PLAINTIFF,0.0
PLAINTIFFS,0.0
PLEADING,0.0
PLEADINGS,0.0
PLEADS,0.0
PLEAS,0.0
PREJUDICE,0.0
PREJUDICED,0.0
PREJUDICES,0.0
PREJUDICIAL,0.0
PREJUDICING,0.0
PRETRIAL,0.0
PROSECUTE,0.0
PROSECUTED,0.0
PROSECUTES,0.0
PROSECUTING,0.0
PROSECUTION,0.0
PROSECUTIONS,0.0
REDACT,0.0
REDACTED,0.0
REDACTING,0.0
REDACTION,0.0
REDACTIONS,0.0
REVOCATION,0.0
REVOCATIONS,0.0
SENTENCED,0.0
SENTENCING,0.0
SUBPOENA,0.0
SUBPOENAED,0.0
SUBPOENAS,0.0
SUE,0.0
SUED,0.0
SUES,0.0
SUING,0.0
SUMMONED,0.0
SUMMONING,0.0
SUMMONS,0.0
SUMMONSES,0.0
TESTIFY,0.0
TESTIFYING,0.0
UNLAWFUL,0.0
UNLAWFULLY,0.0
USURIOUS,0.0
USURP,0.0
USURPED,0.0
USURPING,0.0
USURPS,0.0
USURY,0.0
VERDICT,0.0
VERDICTS,0.0
VIOLATIVE,0.0
VOIDED,0.0
VOIDING,0.0
WILLFULLY,0.0
BENEFICIAL,0.0
ABOVEMENTIONED,0.0
ABSOLVE,0.0
ABSOLVED,0.0
ABSOLVES,0.0
ABSOLVING,0.0
ACCESSION,0.0
ACCESSIONS,0.0
ACQUIREES,0.0
ACQUIRORS,0.0
ACQUITTANCE,0.0
ACQUITTANCES,0.0
ADDENDUMS,0.0
ADJOURN,0.0
ADJOURNED,0.0
ADJOURNING,0.0
ADJOURNMENT,0.0
ADJOURNMENTS,0.0
ADJOURNS,0.0
ADJUDGE,0.0
ADJUDGED,0.0
ADJUDGES,0.0
ADJUDGING,0.0
ADJUDICATE,0.0
ADJUDICATED,0.0
ADJUDICATES,0.0
ADJUDICATING,0.0
ADJUDICATION,0.0
ADJUDICATIONS,0.0
ADJUDICATIVE,0.0
ADJUDICATOR,0.0
ADJUDICATORS,0.0
ADJUDICATORY,0.0
ADMISSIBILITY,0.0
ADMISSIBLE,0.0
ADMISSIBLY,0.0
ADMISSION,0.0
ADMISSIONS,0.0
AFFIDAVIT,0.0
AFFIDAVITS,0.0
AFFIRMANCE,0.0
AFFREIGHTMENT,0.0
AFOREDESCRIBED,0.0
AFOREMENTIONED,0.0
AFORESAID,0.0
AFORESTATED,0.0
AGGRIEVED,0.0
AMEND,0.0
AMENDABLE,0.0
AMENDATORY,0.0
AMENDED,0.0
AMENDING,0.0
AMENDMENT,0.0
AMENDMENTS,0.0
AMENDS,0.0
ANTECEDENT,0.0
ANTECEDENTS,0.0
ANTICORRUPTION,0.0
ANYWISE,0.0
APPEAL,0.0
APPEALABLE,0.0
APPEALED,0.0
APPEALING,0.0
APPEALS,0.0
APPELLANT,0.0
APPELLANTS,0.0
APPELLATE,0.0
APPELLEES,0.0
APPOINTOR,0.0
APPURTENANCE,0.0
APPURTENANCES,0.0
APPURTENANT,0.0
ARBITRABILITY,0.0
ARBITRAL,0.0
ARBITRATE,0.0
ARBITRATED,0.0
ARBITRATES,0.0
ARBITRATING,0.0
ARBITRATION,0.0
ARBITRATIONAL,0.0
ARBITRATIONS,0.0
ARBITRATIVE,0.0
ARBITRATOR,0.0
ARBITRATORS,0.0
ASCENDANCY,0.0
ASCENDANT,0.0
ASCENDANTS,0.0
ASSERTABLE,0.0
ASSIGNATION,0.0
ASSIGNATIONS,0.0
ASSUMABLE,0.0
ATTEST,0.0
ATTESTATION,0.0
ATTESTATIONS,0.0
ATTESTED,0.0
ATTESTING,0.0
ATTORN,0.0
ATTORNEY,0.0
ATTORNEYS,0.0
ATTORNMENT,0.0
ATTORNS,0.0
BAILED,0.0
BAILEE,0.0
BAILEES,0.0
BAILIFF,0.0
BAILIFFS,0.0
BAILMENT,0.0
BENEFICIATED,0.0
BENEFICIATION,0.0
BONA,0.0
BONAFIDE,0.0
CEDANT,0.0
CEDANTS,0.0
CERTIORARI,0.0
CESSION,0.0
CHATTEL,0.0
CHATTELS,0.0
CHOATE,0.0
CLAIM,0.0
CLAIMABLE,0.0
CLAIMANT,0.0
CLAIMANTS,0.0
CLAIMHOLDER,0.0
CLAWBACKS,0.0
CODEFENDANT,0.0
CODEFENDANTS,0.0
CODICIL,0.0
CODICILS,0.0
CODIFICATION,0.0
CODIFICATIONS,0.0
CODIFIED,0.0
CODIFIES,0.0
CODIFY,0.0
CODIFYING,0.0
COMPENSATORY,0.0
COMPLAINANT,0.0
COMPLAINANTS,0.0
CONDEMNOR,0.0
CONFISCATORY,0.0
CONSENT,0.0
CONSENTED,0.0
CONSENTING,0.0
CONSENTS,0.0
CONSERVATORSHIPS,0.0
CONSTITUTION,0.0
CONSTITUTIONAL,0.0
CONSTITUTIONALITY,0.0
CONSTITUTIONALLY,0.0
CONSTITUTIONS,0.0
CONSTITUTIVE,0.0
CONSTRUE,0.0
CONSTRUED,0.0
CONSTRUES,0.0
CONSTRUING,0.0
CONTESTABILITY,0.0
CONTESTATION,0.0
CONTRACT,0.0
CONTRACTED,0.0
CONTRACTHOLDER,0.0
CONTRACTHOLDERS,0.0
CONTRACTIBLE,0.0
CONTRACTILE,0.0
CONTRACTING,0.0
CONTRACTS,0.0
CONTRACTUAL,0.0
CONTRACTUALLY,0.0
CONTRAVENE,0.0
CONTRAVENED,0.0
CONTRAVENES,0.0
CONTRAVENING,0.0
CONTRAVENTION,0.0
CONTRAVENTIONS,0.0
CONTROVERT,0.0
CONTROVERTED,0.0
CONTROVERTING,0.0
CONVENIENS,0.0
CONVEYANCE,0.0
CONVEYANCES,0.0
COTERMINOUS,0.0
COUNSEL,0.0
COUNSELED,0.0
COUNSELLED,0.0
COUNSELS,0.0
COUNTERSIGNOR,0.0
COUNTERSUED,0.0
COUNTERSUIT,0.0
COUNTERSUITS,0.0
COURT,0.0
COURTROOM,0.0
COURTS,0.0
CRIMINALITY,0.0
CRIMINALIZE,0.0
CRIMINALIZING,0.0
CROSSCLAIM,0.0
CROSSCLAIMS,0.0
DECEDENT,0.0
DECEDENTS,0.0
DECLARANT,0.0
DECREE,0.0
DECREED,0.0
DECREEING,0.0
DECREES,0.0
DEFALCATION,0.0
DEFALCATIONS,0.0
DEFEASANCE,0.0
DEFEASANCES,0.0
DEFEASE,0.0
DEFEASED,0.0
DEFEASEMENT,0.0
DEFEASES,0.0
DEFEASING,0.0
DEFECTIVELY,0.0
DEFENDABLE,0.0
DEFERENCE,0.0
DELEGABLE,0.0
DELEGATABLE,0.0
DELEGATEE,0.0
DELEGEES,0.0
DEMURRED,0.0
DEMURRER,0.0
DEMURRERS,0.0
DEMURRING,0.0
DEMURS,0.0
DEPOSE,0.0
DEPOSED,0.0
DEPOSES,0.0
DEPOSING,0.0
DEPOSITION,0.0
DEPOSITIONAL,0.0
DEPOSITIONS,0.0
DEROGATE,0.0
DEROGATED,0.0
DEROGATES,0.0
DEROGATING,0.0
DEROGATION,0.0
DEROGATIONS,0.0
DESIGNATOR,0.0
DESIST,0.0
DETAINER,0.0
DEVISEES,0.0
DISAFFIRM,0.0
DISAFFIRMANCE,0.0
DISAFFIRMED,0.0
DISAFFIRMS,0.0
DISPOSITIVE,0.0
DISPOSSESSION,0.0
DISPOSSESSORY,0.0
DISTRAINT,0.0
DISTRIBUTEE,0.0
DISTRIBUTEES,0.0
DOCKET,0.0
DOCKETED,0.0
DOCKETING,0.0
DOCKETS,0.0
DONEES,0.0
DULY,0.0
EJECTMENT,0.0
ENCUMBRANCER,0.0
ENCUMBRANCERS,0.0
ENDORSEE,0.0
ENFORCEABILITY,0.0
ENFORCEABLE,0.0
ENFORCEABLY,0.0
ESCHEAT,0.0
ESCHEATED,0.0
ESCHEATMENT,0.0
ESCROWING,0.0
ESTOPPEL,0.0
EVIDENTIAL,0.0
EVIDENTIARY,0.0
EXCEEDANCE,0.0
EXCEEDANCES,0.0
EXCEEDENCES,0.0
EXCISED,0.0
EXECUTOR,0.0
EXECUTORS,0.0
EXECUTORY,0.0
EXECUTRICES,0.0
EXECUTRIX,0.0
EXECUTRIXES,0.0
EXTRACONTRACTUAL,0.0
EXTRACORPOREAL,0.0
EXTRAJUDICIAL,0.0
FACIE,0.0
FACTO,0.0
FIDE,0.0
FORBADE,0.0
FORBEAR,0.0
FORBEARANCE,0.0
FORBEARANCES,0.0
FORBEARING,0.0
FORBEARS,0.0
FOREBEAR,0.0
FOREBEARANCE,0.0
FOREBEARS,0.0
FORFEITABILITY,0.0
FORFEITABLE,0.0
FORTHWITH,0.0
FORWHICH,0.0
FURTHERANCE,0.0
GRANTOR,0.0
GRANTORS,0.0
HENCEFORTH,0.0
HENCEFORWARD,0.0
HEREAFTER,0.0
HEREBY,0.0
HEREDITAMENTS,0.0
HEREFOR,0.0
HEREFORE,0.0
HEREFROM,0.0
HEREIN,0.0
HEREINABOVE,0.0
HEREINAFTER,0.0
HEREINBEFORE,0.0
HEREINBELOW,0.0
HEREOF,0.0
HEREON,0.0
HERETO,0.0
HERETOFORE,0.0
HEREUNDER,0.0
HEREUNTO,0.0
HEREUPON,0.0
HEREWITH,0.0
HEREWITHIN,0.0
IMMATERIALITY,0.0
IMPLEADED,0.0
INASMUCH,0.0
INCHOATE,0.0
INCONTESTABILITY,0.0
INCONTESTABLE,0.0
INDEMNIFIABLE,0.0
INDEMNIFICATION,0.0
INDEMNIFICATIONS,0.0
INDEMNIFIED,0.0
INDEMNIFIES,0.0
INDEMNIFY,0.0
INDEMNIFYING,0.0
INDEMNITEE,0.0
INDEMNITEES,0.0
INDEMNITIES,0.0
INDEMNITOR,0.0
INDEMNITORS,0.0
INDEMNITY,0.0
INDORSEES,0.0
INFORCE,0.0
INFRINGER,0.0
INJUNCTIVE,0.0
INSOFAR,0.0
INTERLOCUTORY,0.0
INTERPLEADER,0.0
INTERPOSE,0.0
INTERPOSED,0.0
INTERPOSES,0.0
INTERPOSING,0.0
INTERPOSITION,0.0
INTERPOSITIONS,0.0
INTERROGATE,0.0
INTERROGATED,0.0
INTERROGATES,0.0
INTERROGATING,0.0
INTERROGATION,0.0
INTERROGATIONS,0.0
INTERROGATOR,0.0
INTERROGATORIES,0.0
INTERROGATORS,0.0
INTERROGATORY,0.0
INTESTACY,0.0
INTESTATE,0.0
IRREVOCABILITY,0.0
IRREVOCABLE,0.0
IRREVOCABLY,0.0
JOINDER,0.0
JUDICIAL,0.0
JUDICIALLY,0.0
JUDICIARIES,0.0
JUDICIARY,0.0
JURIES,0.0
JURIS,0.0
JURISDICTION,0.0
JURISDICTIONAL,0.0
JURISDICTIONALLY,0.0
JURISDICTIONS,0.0
JURISPRUDENCE,0.0
JURIST,0.0
JURISTS,0.0
JUROR,0.0
JURORS,0.0
JURY,0.0
JURYMAN,0.0
JUSTICE,0.0
JUSTICES,0.0
LAW,0.0
LAWFUL,0.0
LAWFULLY,0.0
LAWFULNESS,0.0
LAWMAKERS,0.0
LAWMAKING,0.0
LAWS,0.0
LAWSUIT,0.0
LAWSUITS,0.0
LAWYER,0.0
LAWYERS,0.0
LEGAL,0.0
LEGALESE,0.0
LEGALITY,0.0
LEGALIZATION,0.0
LEGALIZATIONS,0.0
LEGALIZE,0.0
LEGALIZED,0.0
LEGALIZES,0.0
LEGALIZING,0.0
LEGALLY,0.0
LEGALS,0.0
LEGATEE,0.0
LEGATEES,0.0
LEGISLATE,0.0
LEGISLATED,0.0
LEGISLATES,0.0
LEGISLATING,0.0
LEGISLATION,0.0
LEGISLATIONS,0.0
LEGISLATIVE,0.0
LEGISLATIVELY,0.0
LEGISLATOR,0.0
LEGISLATORS,0.0
LEGISLATURE,0.0
LEGISLATURES,0.0
LIBEL,0.0
LIBELED,0.0
LIBELOUS,0.0
LIBELS,0.0
LICENSABLE,0.0
LIENHOLDERS,0.0
LITIGATOR,0.0
LITIGATORS,0.0
LITIGIOUS,0.0
LITIGIOUSNESS,0.0
MAJEURE,0.0
MANDAMUS,0.0
MEDIATE,0.0
MEDIATED,0.0
MEDIATES,0.0
MEDIATING,0.0
MEDIATION,0.0
MEDIATIONS,0.0
MEDIATOR,0.0
MEDIATORS,0.0
MISFEASANCE,0.0
MOREOVER,0.0
MOTIONS,0.0
MUTANDIS,0.0
NOLO,0.0
NONAPPEALABLE,0.0
NONBREACHING,0.0
NONCONTINGENT,0.0
NONCONTRACT,0.0
NONCONTRACTUAL,0.0
NONCONTRIBUTORY,0.0
NONFEASANCE,0.0
NONFIDUCIARY,0.0
NONFORFEITABILITY,0.0
NONFORFEITABLE,0.0
NONFORFEITURE,0.0
NONGUARANTOR,0.0
NONINFRINGEMENT,0.0
NONINFRINGING,0.0
NONJUDICIAL,0.0
NONJUDICIALLY,0.0
NONJURISDICTIONAL,0.0
NONSEVERABLE,0.0
NONTERMINABLE,0.0
NONUSURIOUS,0.0
NOTARIAL,0.0
NOTARIES,0.0
NOTARIZATION,0.0
NOTARIZATIONS,0.0
NOTARIZE,0.0
NOTARIZED,0.0
NOTARIZING,0.0
NOTARY,0.0
NOTWITHSTANDING,0.0
NOVO,0.0
NULLITIES,0.0
NULLITY,0.0
OBLIGEE,0.0
OBLIGEES,0.0
OBLIGOR,0.0
OBLIGORS,0.0
OFFENSE,0.0
OFFEREE,0.0
OFFEREES,0.0
OFFEROR,0.0
OFFERORS,0.0
OPTIONEE,0.0
OPTIONEES,0.0
OVERRULE,0.0
OVERRULED,0.0
OVERRULES,0.0
OVERRULING,0.0
PARA,0.0
PARI,0.0
PASSU,0.0
PATENTEE,0.0
PECUNIARILY,0.0
PERMITTEE,0.0
PERMITTEES,0.0
PERSONAM,0.0
PETITION,0.0
PETITIONED,0.0
PETITIONER,0.0
PETITIONERS,0.0
PETITIONING,0.0
PETITIONS,0.0
PLEDGEE,0.0
PLEDGEES,0.0
PLEDGOR,0.0
PLEDGORS,0.0
POSSESSORY,0.0
POSTCLOSING,0.0
POSTCLOSURE,0.0
POSTCONTRACT,0.0
POSTJUDGMENT,0.0
PREAMENDMENT,0.0
PREDECEASE,0.0
PREDECEASED,0.0
PREDECEASES,0.0
PREDECEASING,0.0
PREHEARING,0.0
PREPETITION,0.0
PRESUMPTIVELY,0.0
PRIMA,0.0
PRIVITY,0.0
PROBATE,0.0
PROBATED,0.0
PROBATES,0.0
PROBATING,0.0
PROBATION,0.0
PROBATIONAL,0.0
PROBATIONARY,0.0
PROBATIONER,0.0
PROBATIONERS,0.0
PROBATIONS,0.0
PROMULGATE,0.0
PROMULGATED,0.0
PROMULGATES,0.0
PROMULGATING,0.0
PROMULGATION,0.0
PROMULGATIONS,0.0
PROMULGATOR,0.0
PROMULGATORS,0.0
PRORATA,0.0
PRORATION,0.0
PROSECUTOR,0.0
PROSECUTORIAL,0.0
PROSECUTORS,0.0
PROVISO,0.0
PROVISOES,0.0
PROVISOS,0.0
PUNISHABLE,0.0
QUITCLAIM,0.0
QUITCLAIMS,0.0
RATA,0.0
RATABLE,0.0
RATABLY,0.0
REARGUMENT,0.0
REBUT,0.0
REBUTS,0.0
REBUTTABLE,0.0
REBUTTABLY,0.0
REBUTTAL,0.0
REBUTTALS,0.0
REBUTTED,0.0
REBUTTING,0.0
RECORDATION,0.0
RECOUPABLE,0.0
RECOUPMENT,0.0
RECOUPMENTS,0.0
RECOURSE,0.0
RECOURSES,0.0
RECTIFICATION,0.0
RECTIFICATIONS,0.0
RECUSAL,0.0
RECUSE,0.0
RECUSED,0.0
RECUSES,0.0
RECUSING,0.0
REFERENDA,0.0
REFERENDUM,0.0
REFERENDUMS,0.0
REFILE,0.0
REFILED,0.0
REFILES,0.0
REFILING,0.0
REGULATE,0.0
REGULATED,0.0
REGULATES,0.0
REGULATING,0.0
REGULATION,0.0
REGULATIONS,0.0
REGULATIVE,0.0
REGULATOR,0.0
REGULATORS,0.0
REGULATORY,0.0
REHEAR,0.0
REHEARD,0.0
REHEARING,0.0
REHEARINGS,0.0
RELEASEES,0.0
REMAND,0.0
REMANDED,0.0
REMANDING,0.0
REMANDS,0.0
REMEDIATE,0.0
REMEDIATED,0.0
REMEDIATING,0.0
REMEDIATION,0.0
REMEDIATIONS,0.0
REMEDIED,0.0
REMISED,0.0
REPLEDGED,0.0
REPLEVIN,0.0
REPRORATED,0.0
REQUESTER,0.0
REQUESTOR,0.0
REREGULATION,0.0
RESCIND,0.0
RESCINDED,0.0
RESCINDING,0.0
RESCINDS,0.0
RESCISSION,0.0
RESCISSIONS,0.0
RESTITUTIONARY,0.0
RETENDERING,0.0
RETROCEDE,0.0
RETROCEDED,0.0
RETROCESSIONAIRES,0.0
REVOCABILITY,0.0
RULING,0.0
RULINGS,0.0
SEQUESTRATOR,0.0
SETTLEMENT,0.0
SETTLEMENTS,0.0
SEVERABILITY,0.0
SEVERABLE,0.0
SEVERALLY,0.0
SEVERANCE,0.0
SEVERANCES,0.0
SHALL,0.0
STATUTE,0.0
STATUTES,0.0
STATUTORILY,0.0
STATUTORY,0.0
SUBCLAUSE,0.0
SUBCLAUSES,0.0
SUBDOCKET,0.0
SUBLEASEE,0.0
SUBLEASEHOLD,0.0
SUBLESSORS,0.0
SUBLICENSEE,0.0
SUBLICENSOR,0.0
SUBPARAGRAPH,0.0
SUBPARAGRAPHS,0.0
SUBROGATED,0.0
SUBROGATION,0.0
SUBTRUST,0.0
SUBTRUSTS,0.0
SUPERSEDE,0.0
SUPERSEDEAS,0.0
SUPERSEDED,0.0
SUPERSEDES,0.0
SUPERSEDING,0.0
SURETIES,0.0
SURETY,0.0
TENANTABILITY,0.0
TERMINABLE,0.0
TERMINUS,0.0
TESTAMENTARY,0.0
TESTIMONY,0.0
THENCE,0.0
THENCEFORTH,0.0
THENCEFORWARD,0.0
THEREAFTER,0.0
THEREAT,0.0
THEREFROM,0.0
THEREIN,0.0
THEREINAFTER,0.0
THEREOF,0.0
THEREON,0.0
THEREOVER,0.0
THERETO,0.0
THERETOFOR,0.0
THERETOFORE,0.0
THEREUNDER,0.0
THEREUNTO,0.0
THEREUPON,0.0
THEREWITH,0.0
TORT,0.0
TORTIOUS,0.0
TORTIOUSLY,0.0
TORTS,0.0
TRANSFEROR,0.0
TRANSFERORS,0.0
UNAPPEALABLE,0.0
UNAPPEALED,0.0
UNCONSTITUTIONAL,0.0
UNCONSTITUTIONALITY,0.0
UNCONSTITUTIONALLY,0.0
UNCONTRACTED,0.0
UNDEFEASED,0.0
UNDISCHARGED,0.0
UNENCUMBER,0.0
UNENCUMBERED,0.0
UNENFORCEABILITY,0.0
UNENFORCEABLE,0.0
UNLAWFULNESS,0.0
UNREMEDIATED,0.0
UNSTAYED,0.0
UNTO,0.0
USURPATION,0.0
VENDEE,0.0
VENDEES,0.0
VIATICAL,0.0
VOIDABLE,0.0
WARRANTEES,0.0
WARRANTOR,0.0
WHATEVER,0.0
WHATSOEVER,0.0
WHENSOEVER,0.0
WHEREABOUTS,0.0
WHEREAS,0.0
WHEREAT,0.0
WHEREBY,0.0
WHEREFORE,0.0
WHEREIN,0.0
WHEREOF,0.0
WHEREON,0.0
WHERETO,0.0
WHEREUNDER,0.0
WHEREUPON,0.0
WHEREWITH,0.0
WHISTLEBLOWERS,0.0
WHOMEVER,0.0
WHOMSOEVER,0.0
WHOSOEVER,0.0
WILFUL,0.0
WILLFUL,0.0
WILLFULNESS,0.0
WITNESS,0.0
WITNESSES,0.0
WRIT,0.0
WRITS,0.0
