,negative
ABANDON,0.0
ABANDONED,0.0
ABANDONING,0.0
ABANDONMENT,0.0
ABANDONMENTS,0.0
ABANDONS,0.0
ABDICATED,0.0
ABDICATES,0.0
ABDICATING,0.0
ABDICATION,0.0
ABDICATIONS,0.0
ABERRANT,0.0
ABERRATION,0.0
ABERRATIONAL,0.0
ABERRATIONS,0.0
ABETTING,0.0
ABNORMAL,0.0
ABNORMALITIES,0.0
ABNORMALITY,0.0
ABNORMALLY,0.0
ABOLISH,0.0
ABOLISHED,0.0
ABOLISHES,0.0
ABOLISHING,0.0
ABROGATE,0.0
ABROGATED,0.0
ABROGATES,0.0
ABROGATING,0.0
ABROGATION,0.0
ABROGATIONS,0.0
ABRUPT,0.0
ABRUPTLY,0.0
ABRUPTNESS,0.0
ABSENCE,0.0
ABSENCES,0.0
ABSENTEEISM,0.0
ABUSE,0.0
ABUSED,0.0
ABUSES,0.0
ABUSING,0.0
ABUSIVE,0.0
ABUSIVELY,0.0
ABUSIVENESS,0.0
ACCIDENT,0.0
ACCIDENTAL,0.0
ACCIDENTALLY,0.0
ACCIDENTS,0.0
ACCUSATION,0.0
ACCUSATIONS,0.0
ACCUSE,0.0
ACCUSED,0.0
ACCUSES,0.0
ACCUSING,0.0
ACQUIESCE,0.0
ACQUIESCED,0.0
ACQUIESCES,0.0
ACQUIESCING,0.0
ACQUIT,0.0
ACQUITS,0.0
ACQUITTAL,0.0
ACQUITTALS,0.0
ACQUITTED,0.0
ACQUITTING,0.0
ADULTERATE,0.0
ADULTERATED,0.0
ADULTERATING,0.0
ADULTERATION,0.0
ADULTERATIONS,0.0
ADVERSARIAL,0.0
ADVERSARIES,0.0
ADVERSARY,0.0
ADVERSE,0.0
ADVERSELY,0.0
ADVERSITIES,0.0
ADVERSITY,0.0
AFTERMATH,0.0
AFTERMATHS,0.0
AGAINST,0.0
AGGRAVATE,0.0
AGGRAVATED,0.0
AGGRAVATES,0.0
AGGRAVATING,0.0
AGGRAVATION,0.0
AGGRAVATIONS,0.0
ALERTED,0.0
ALERTING,0.0
ALIENATE,0.0
ALIENATED,0.0
ALIENATES,0.0
ALIENATING,0.0
ALIENATION,0.0
ALIENATIONS,0.0
ALLEGATION,0.0
ALLEGATIONS,0.0
ALLEGE,0.0
ALLEGED,0.0
ALLEGEDLY,0.0
ALLEGES,0.0
ALLEGING,0.0
ANNOY,0.0
ANNOYANCE,0.0
ANNOYANCES,0.0
ANNOYED,0.0
ANNOYING,0.0
ANNOYS,0.0
ANNUL,0.0
ANNULLED,0.0
ANNULLING,0.0
ANNULMENT,0.0
ANNULMENTS,0.0
ANNULS,0.0
ANOMALIES,0.0
ANOMALOUS,0.0
ANOMALOUSLY,0.0
ANOMALY,0.0
ANTICOMPETITIVE,0.0
ANTITRUST,0.0
ARGUE,0.0
ARGUED,0.0
ARGUING,0.0
ARGUMENT,0.0
ARGUMENTATIVE,0.0
ARGUMENTS,0.0
ARREARAGE,0.0
ARREARAGES,0.0
ARREARS,0.0
ARREST,0.0
ARRESTED,0.0
ARRESTS,0.0
ARTIFICIALLY,0.0
ASSAULT,0.0
ASSAULTED,0.0
ASSAULTING,0.0
ASSAULTS,0.0
ASSERTIONS,0.0
ATTRITION,0.0
AVERSELY,0.0
BACKDATING,0.0
BAD,0.0
BAIL,0.0
BAILOUT,0.0
BALK,0.0
BALKED,0.0
BANKRUPT,0.0
BANKRUPTCIES,0.0
BANKRUPTCY,0.0
BANKRUPTED,0.0
BANKRUPTING,0.0
BANKRUPTS,0.0
BANS,0.0
BARRED,0.0
BARRIER,0.0
BARRIERS,0.0
BOTTLENECK,0.0
BOTTLENECKS,0.0
BOYCOTT,0.0
BOYCOTTED,0.0
BOYCOTTING,0.0
BOYCOTTS,0.0
BREACH,0.0
BREACHED,0.0
BREACHES,0.0
BREACHING,0.0
BREAK,0.0
BREAKAGE,0.0
BREAKAGES,0.0
BREAKDOWN,0.0
BREAKDOWNS,0.0
BREAKING,0.0
BREAKS,0.0
BRIBE,0.0
BRIBED,0.0
BRIBERIES,0.0
BRIBERY,0.0
BRIBES,0.0
BRIBING,0.0
BRIDGE,0.0
BROKEN,0.0
BURDEN,0.0
BURDENED,0.0
BURDENING,0.0
BURDENS,0.0
BURDENSOME,0.0
BURNED,0.0
CALAMITIES,0.0
CALAMITOUS,0.0
CALAMITY,0.0
CANCEL,0.0
CANCELED,0.0
CANCELING,0.0
CANCELLATION,0.0
CANCELLATIONS,0.0
CANCELLED,0.0
CANCELLING,0.0
CANCELS,0.0
CARELESS,0.0
CARELESSLY,0.0
CARELESSNESS,0.0
CATASTROPHE,0.0
CATASTROPHES,0.0
CATASTROPHIC,0.0
CATASTROPHICALLY,0.0
CAUTION,0.0
CAUTIONARY,0.0
CAUTIONED,0.0
CAUTIONING,0.0
CAUTIONS,0.0
CEASE,0.0
CEASED,0.0
CEASES,0.0
CEASING,0.0
CENSURE,0.0
CENSURED,0.0
CENSURES,0.0
CENSURING,0.0
CHALLENGE,0.0
CHALLENGED,0.0
CHALLENGES,0.0
CHALLENGING,0.0
CHARGEOFFS,0.0
CIRCUMVENT,0.0
CIRCUMVENTED,0.0
CIRCUMVENTING,0.0
CIRCUMVENTION,0.0
CIRCUMVENTIONS,0.0
CIRCUMVENTS,0.0
CLAIMING,0.0
CLAIMS,0.0
CLAWBACK,0.0
CLOSED,0.0
CLOSEOUT,0.0
CLOSEOUTS,0.0
CLOSING,0.0
CLOSINGS,0.0
CLOSURE,0.0
CLOSURES,0.0
COERCE,0.0
COERCED,0.0
COERCES,0.0
COERCING,0.0
COERCION,0.0
COERCIVE,0.0
COLLAPSE,0.0
COLLAPSED,0.0
COLLAPSES,0.0
COLLAPSING,0.0
COLLISION,0.0
COLLISIONS,0.0
COLLUDE,0.0
COLLUDED,0.0
COLLUDES,0.0
COLLUDING,0.0
COLLUSION,0.0
COLLUSIONS,0.0
COLLUSIVE,0.0
COMPLAIN,0.0
COMPLAINED,0.0
COMPLAINING,0.0
COMPLAINS,0.0
COMPLAINT,0.0
COMPLAINTS,0.0
COMPLICATE,0.0
COMPLICATED,0.0
COMPLICATES,0.0
COMPLICATING,0.0
COMPLICATION,0.0
COMPLICATIONS,0.0
COMPULSION,0.0
CONCEALED,0.0
CONCEALING,0.0
CONCEDE,0.0
CONCEDED,0.0
CONCEDES,0.0
CONCEDING,0.0
CONCERN,0.0
CONCERNED,0.0
CONCERNS,0.0
CONCILIATING,0.0
CONCILIATION,0.0
CONCILIATIONS,0.0
CONDEMN,0.0
CONDEMNATION,0.0
CONDEMNATIONS,0.0
CONDEMNED,0.0
CONDEMNING,0.0
CONDEMNS,0.0
CONDONE,0.0
CONDONED,0.0
CONFESS,0.0
CONFESSED,0.0
CONFESSES,0.0
CONFESSING,0.0
CONFESSION,0.0
CONFINE,0.0
CONFINED,0.0
CONFINEMENT,0.0
CONFINEMENTS,0.0
CONFINES,0.0
CONFINING,0.0
CONFISCATE,0.0
CONFISCATED,0.0
CONFISCATES,0.0
CONFISCATING,0.0
CONFISCATION,0.0
CONFISCATIONS,0.0
CONFLICT,0.0
CONFLICTED,0.0
CONFLICTING,0.0
CONFLICTS,0.0
CONFRONT,0.0
CONFRONTATION,0.0
CONFRONTATIONAL,0.0
CONFRONTATIONS,0.0
CONFRONTED,0.0
CONFRONTING,0.0
CONFRONTS,0.0
CONFUSE,0.0
CONFUSED,0.0
CONFUSES,0.0
CONFUSING,0.0
CONFUSINGLY,0.0
CONFUSION,0.0
CONSPIRACIES,0.0
CONSPIRACY,0.0
CONSPIRATOR,0.0
CONSPIRATORIAL,0.0
CONSPIRATORS,0.0
CONSPIRE,0.0
CONSPIRED,0.0
CONSPIRES,0.0
CONSPIRING,0.0
CONTEMPT,0.0
CONTEND,0.0
CONTENDED,0.0
CONTENDING,0.0
CONTENDS,0.0
CONTENTION,0.0
CONTENTIONS,0.0
CONTENTIOUS,0.0
CONTENTIOUSLY,0.0
CONTESTED,0.0
CONTESTING,0.0
CONTRACTION,0.0
CONTRACTIONS,0.0
CONTRADICT,0.0
CONTRADICTED,0.0
CONTRADICTING,0.0
CONTRADICTION,0.0
CONTRADICTIONS,0.0
CONTRADICTORY,0.0
CONTRADICTS,0.0
CONTRARY,0.0
CONTROVERSIAL,0.0
CONTROVERSIES,0.0
CONTROVERSY,0.0
CONVICT,0.0
CONVICTED,0.0
CONVICTING,0.0
CONVICTION,0.0
CONVICTIONS,0.0
CORRECTED,0.0
CORRECTING,0.0
CORRECTION,0.0
CORRECTIONS,0.0
CORRECTS,0.0
CORRUPT,0.0
CORRUPTED,0.0
CORRUPTING,0.0
CORRUPTION,0.0
CORRUPTIONS,0.0
CORRUPTLY,0.0
CORRUPTNESS,0.0
COSTLY,0.0
COUNTERCLAIM,0.0
COUNTERCLAIMED,0.0
COUNTERCLAIMING,0.0
COUNTERCLAIMS,0.0
COUNTERFEIT,0.0
COUNTERFEITED,0.0
COUNTERFEITER,0.0
COUNTERFEITERS,0.0
COUNTERFEITING,0.0
COUNTERFEITS,0.0
COUNTERMEASURE,0.0
COUNTERMEASURES,0.0
CRIME,0.0
CRIMES,0.0
CRIMINAL,0.0
CRIMINALLY,0.0
CRIMINALS,0.0
CRISES,0.0
CRISIS,0.0
CRITICAL,0.0
CRITICALLY,0.0
CRITICISM,0.0
CRITICISMS,0.0
CRITICIZE,0.0
CRITICIZED,0.0
CRITICIZES,0.0
CRITICIZING,0.0
CRUCIAL,0.0
CRUCIALLY,0.0
CULPABILITY,0.0
CULPABLE,0.0
CULPABLY,0.0
CUMBERSOME,0.0
CURTAIL,0.0
CURTAILED,0.0
CURTAILING,0.0
CURTAILMENT,0.0
CURTAILMENTS,0.0
CURTAILS,0.0
CUT,0.0
CUTBACK,0.0
CUTBACKS,0.0
CYBERATTACK,0.0
CYBERATTACKS,0.0
CYBERBULLYING,0.0
CYBERCRIME,0.0
CYBERCRIMES,0.0
CYBERCRIMINAL,0.0
CYBERCRIMINALS,0.0
DAMAGE,0.0
DAMAGED,0.0
DAMAGES,0.0
DAMAGING,0.0
DAMPEN,0.0
DAMPENED,0.0
DANGER,0.0
DANGEROUS,0.0
DANGEROUSLY,0.0
DANGERS,0.0
DEADLOCK,0.0
DEADLOCKED,0.0
DEADLOCKING,0.0
DEADLOCKS,0.0
DEADWEIGHT,0.0
DEADWEIGHTS,0.0
DEBARMENT,0.0
DEBARMENTS,0.0
DEBARRED,0.0
DECEASED,0.0
DECEIT,0.0
DECEITFUL,0.0
DECEITFULNESS,0.0
DECEIVE,0.0
DECEIVED,0.0
DECEIVES,0.0
DECEIVING,0.0
DECEPTION,0.0
DECEPTIONS,0.0
DECEPTIVE,0.0
DECEPTIVELY,0.0
DECLINE,0.0
DECLINED,0.0
DECLINES,0.0
DECLINING,0.0
DEFACE,0.0
DEFACED,0.0
DEFACEMENT,0.0
DEFAMATION,0.0
DEFAMATIONS,0.0
DEFAMATORY,0.0
DEFAME,0.0
DEFAMED,0.0
DEFAMES,0.0
DEFAMING,0.0
DEFAULT,0.0
DEFAULTED,0.0
DEFAULTING,0.0
DEFAULTS,0.0
DEFEAT,0.0
DEFEATED,0.0
DEFEATING,0.0
DEFEATS,0.0
DEFECT,0.0
DEFECTIVE,0.0
DEFECTS,0.0
DEFEND,0.0
DEFENDANT,0.0
DEFENDANTS,0.0
DEFENDED,0.0
DEFENDING,0.0
DEFENDS,0.0
DEFENSIVE,0.0
DEFER,0.0
DEFICIENCIES,0.0
DEFICIENCY,0.0
DEFICIENT,0.0
DEFICIT,0.0
DEFICITS,0.0
DEFRAUD,0.0
DEFRAUDED,0.0
DEFRAUDING,0.0
DEFRAUDS,0.0
DEFUNCT,0.0
DEGRADATION,0.0
DEGRADATIONS,0.0
DEGRADE,0.0
DEGRADED,0.0
DEGRADES,0.0
DEGRADING,0.0
DELAY,0.0
DELAYED,0.0
DELAYING,0.0
DELAYS,0.0
DELETERIOUS,0.0
DELIBERATE,0.0
DELIBERATED,0.0
DELIBERATELY,0.0
DELINQUENCIES,0.0
DELINQUENCY,0.0
DELINQUENT,0.0
DELINQUENTLY,0.0
DELINQUENTS,0.0
DELIST,0.0
DELISTED,0.0
DELISTING,0.0
DELISTS,0.0
DEMISE,0.0
DEMISED,0.0
DEMISES,0.0
DEMISING,0.0
DEMOLISH,0.0
DEMOLISHED,0.0
DEMOLISHES,0.0
DEMOLISHING,0.0
DEMOLITION,0.0
DEMOLITIONS,0.0
DEMOTE,0.0
DEMOTED,0.0
DEMOTES,0.0
DEMOTING,0.0
DEMOTION,0.0
DEMOTIONS,0.0
DENIAL,0.0
DENIALS,0.0
DENIED,0.0
DENIES,0.0
DENIGRATE,0.0
DENIGRATED,0.0
DENIGRATES,0.0
DENIGRATING,0.0
DENIGRATION,0.0
DENY,0.0
DENYING,0.0
DEPLETE,0.0
DEPLETED,0.0
DEPLETES,0.0
DEPLETING,0.0
DEPLETION,0.0
DEPLETIONS,0.0
DEPRECATION,0.0
DEPRESS,0.0
DEPRESSED,0.0
DEPRESSES,0.0
DEPRESSING,0.0
DEPRIVATION,0.0
DEPRIVE,0.0
DEPRIVED,0.0
DEPRIVES,0.0
DEPRIVING,0.0
DERELICT,0.0
DERELICTION,0.0
DEROGATORY,0.0
DESTABILIZATION,0.0
DESTABILIZE,0.0
DESTABILIZED,0.0
DESTABILIZING,0.0
DESTROY,0.0
DESTROYED,0.0
DESTROYING,0.0
DESTROYS,0.0
DESTRUCTION,0.0
DESTRUCTIVE,0.0
DETAIN,0.0
DETAINED,0.0
DETENTION,0.0
DETENTIONS,0.0
DETER,0.0
DETERIORATE,0.0
DETERIORATED,0.0
DETERIORATES,0.0
DETERIORATING,0.0
DETERIORATION,0.0
DETERIORATIONS,0.0
DETERRED,0.0
DETERRENCE,0.0
DETERRENCES,0.0
DETERRENT,0.0
DETERRENTS,0.0
DETERRING,0.0
DETERS,0.0
DETRACT,0.0
DETRACTED,0.0
DETRACTING,0.0
DETRIMENT,0.0
DETRIMENTAL,0.0
DETRIMENTALLY,0.0
DETRIMENTS,0.0
DEVALUE,0.0
DEVALUED,0.0
DEVALUES,0.0
DEVALUING,0.0
DEVASTATE,0.0
DEVASTATED,0.0
DEVASTATING,0.0
DEVASTATION,0.0
DEVIATE,0.0
DEVIATED,0.0
DEVIATES,0.0
DEVIATING,0.0
DEVIATION,0.0
DEVIATIONS,0.0
DEVOLVE,0.0
DEVOLVED,0.0
DEVOLVES,0.0
DEVOLVING,0.0
DIFFICULT,0.0
DIFFICULTIES,0.0
DIFFICULTLY,0.0
DIFFICULTY,0.0
DIMINISH,0.0
DIMINISHED,0.0
DIMINISHES,0.0
DIMINISHING,0.0
DIMINUTION,0.0
DISADVANTAGE,0.0
DISADVANTAGED,0.0
DISADVANTAGEOUS,0.0
DISADVANTAGES,0.0
DISAFFILIATION,0.0
DISAGREE,0.0
DISAGREEABLE,0.0
DISAGREED,0.0
DISAGREEING,0.0
DISAGREEMENT,0.0
DISAGREEMENTS,0.0
DISAGREES,0.0
DISALLOW,0.0
DISALLOWANCE,0.0
DISALLOWANCES,0.0
DISALLOWED,0.0
DISALLOWING,0.0
DISALLOWS,0.0
DISAPPEAR,0.0
DISAPPEARANCE,0.0
DISAPPEARANCES,0.0
DISAPPEARED,0.0
DISAPPEARING,0.0
DISAPPEARS,0.0
DISAPPOINT,0.0
DISAPPOINTED,0.0
DISAPPOINTING,0.0
DISAPPOINTINGLY,0.0
DISAPPOINTMENT,0.0
DISAPPOINTMENTS,0.0
DISAPPOINTS,0.0
DISAPPROVAL,0.0
DISAPPROVALS,0.0
DISAPPROVE,0.0
DISAPPROVED,0.0
DISAPPROVES,0.0
DISAPPROVING,0.0
DISASSOCIATES,0.0
DISASSOCIATING,0.0
DISASSOCIATION,0.0
DISASSOCIATIONS,0.0
DISASTER,0.0
DISASTERS,0.0
DISASTROUS,0.0
DISASTROUSLY,0.0
DISAVOW,0.0
DISAVOWAL,0.0
DISAVOWED,0.0
DISAVOWING,0.0
DISAVOWS,0.0
DISCIPLINARY,0.0
DISCLAIM,0.0
DISCLAIMED,0.0
DISCLAIMER,0.0
DISCLAIMERS,0.0
DISCLAIMING,0.0
DISCLAIMS,0.0
DISCLOSE,0.0
DISCLOSED,0.0
DISCLOSES,0.0
DISCLOSING,0.0
DISCONTINUANCE,0.0
DISCONTINUANCES,0.0
DISCONTINUATION,0.0
DISCONTINUATIONS,0.0
DISCONTINUE,0.0
DISCONTINUED,0.0
DISCONTINUES,0.0
DISCONTINUING,0.0
DISCOURAGE,0.0
DISCOURAGED,0.0
DISCOURAGES,0.0
DISCOURAGING,0.0
DISCREDIT,0.0
DISCREDITED,0.0
DISCREDITING,0.0
DISCREDITS,0.0
DISCREPANCIES,0.0
DISCREPANCY,0.0
DISFAVOR,0.0
DISFAVORED,0.0
DISFAVORING,0.0
DISFAVORS,0.0
DISGORGE,0.0
DISGORGED,0.0
DISGORGEMENT,0.0
DISGORGEMENTS,0.0
DISGORGES,0.0
DISGORGING,0.0
DISGRACE,0.0
DISGRACEFUL,0.0
DISGRACEFULLY,0.0
DISHONEST,0.0
DISHONESTLY,0.0
DISHONESTY,0.0
DISHONOR,0.0
DISHONORABLE,0.0
DISHONORABLY,0.0
DISHONORED,0.0
DISHONORING,0.0
DISHONORS,0.0
DISINCENTIVES,0.0
DISINTERESTED,0.0
DISINTERESTEDLY,0.0
DISINTERESTEDNESS,0.0
DISLOYAL,0.0
DISLOYALLY,0.0
DISLOYALTY,0.0
DISMAL,0.0
DISMALLY,0.0
DISMISS,0.0
DISMISSAL,0.0
DISMISSALS,0.0
DISMISSED,0.0
DISMISSES,0.0
DISMISSING,0.0
DISORDERLY,0.0
DISPARAGE,0.0
DISPARAGED,0.0
DISPARAGEMENT,0.0
DISPARAGEMENTS,0.0
DISPARAGES,0.0
DISPARAGING,0.0
DISPARAGINGLY,0.0
DISPARITIES,0.0
DISPARITY,0.0
DISPLACE,0.0
DISPLACED,0.0
DISPLACEMENT,0.0
DISPLACEMENTS,0.0
DISPLACES,0.0
DISPLACING,0.0
DISPOSE,0.0
DISPOSSESS,0.0
DISPOSSESSED,0.0
DISPOSSESSES,0.0
DISPOSSESSING,0.0
DISPROPORTION,0.0
DISPROPORTIONAL,0.0
DISPROPORTIONATE,0.0
DISPROPORTIONATELY,0.0
DISPUTE,0.0
DISPUTED,0.0
DISPUTES,0.0
DISPUTING,0.0
DISQUALIFICATION,0.0
DISQUALIFICATIONS,0.0
DISQUALIFIED,0.0
DISQUALIFIES,0.0
DISQUALIFY,0.0
DISQUALIFYING,0.0
DISREGARD,0.0
DISREGARDED,0.0
DISREGARDING,0.0
DISREGARDS,0.0
DISREPUTABLE,0.0
DISREPUTE,0.0
DISRUPT,0.0
DISRUPTED,0.0
DISRUPTING,0.0
DISRUPTION,0.0
DISRUPTIONS,0.0
DISRUPTIVE,0.0
DISRUPTS,0.0
DISSATISFACTION,0.0
DISSATISFIED,0.0
DISSENT,0.0
DISSENTED,0.0
DISSENTER,0.0
DISSENTERS,0.0
DISSENTING,0.0
DISSENTS,0.0
DISSIDENT,0.0
DISSIDENTS,0.0
DISSOLUTION,0.0
DISSOLUTIONS,0.0
DISTORT,0.0
DISTORTED,0.0
DISTORTING,0.0
DISTORTION,0.0
DISTORTIONS,0.0
DISTORTS,0.0
DISTRACT,0.0
DISTRACTED,0.0
DISTRACTING,0.0
DISTRACTION,0.0
DISTRACTIONS,0.0
DISTRACTS,0.0
DISTRESS,0.0
DISTRESSED,0.0
DISTURB,0.0
DISTURBANCE,0.0
DISTURBANCES,0.0
DISTURBED,0.0
DISTURBING,0.0
DISTURBS,0.0
DIVERSION,0.0
DIVERT,0.0
DIVERTED,0.0
DIVERTING,0.0
DIVERTS,0.0
DIVEST,0.0
DIVESTED,0.0
DIVESTING,0.0
DIVESTITURE,0.0
DIVESTITURES,0.0
DIVESTMENT,0.0
DIVESTMENTS,0.0
DIVESTS,0.0
DIVORCE,0.0
DIVORCED,0.0
DIVULGE,0.0
DIVULGED,0.0
DIVULGES,0.0
DIVULGING,0.0
DOUBT,0.0
DOUBTED,0.0
DOUBTFUL,0.0
DOUBTS,0.0
DOWNGRADE,0.0
DOWNGRADED,0.0
DOWNGRADES,0.0
DOWNGRADING,0.0
DOWNSIZE,0.0
DOWNSIZED,0.0
DOWNSIZES,0.0
DOWNSIZING,0.0
DOWNSIZINGS,0.0
DOWNTIME,0.0
DOWNTIMES,0.0
DOWNTURN,0.0
DOWNTURNS,0.0
DOWNWARD,0.0
DOWNWARDS,0.0
DRAG,0.0
DRASTIC,0.0
DRASTICALLY,0.0
DRAWBACK,0.0
DRAWBACKS,0.0
DROPPED,0.0
DROUGHT,0.0
DROUGHTS,0.0
DURESS,0.0
DYSFUNCTION,0.0
DYSFUNCTIONAL,0.0
DYSFUNCTIONS,0.0
EASING,0.0
EGREGIOUS,0.0
EGREGIOUSLY,0.0
EMBARGO,0.0
EMBARGOED,0.0
EMBARGOES,0.0
EMBARGOING,0.0
EMBARRASS,0.0
EMBARRASSED,0.0
EMBARRASSES,0.0
EMBARRASSING,0.0
EMBARRASSMENT,0.0
EMBARRASSMENTS,0.0
EMBEZZLE,0.0
EMBEZZLED,0.0
EMBEZZLEMENT,0.0
EMBEZZLEMENTS,0.0
EMBEZZLER,0.0
EMBEZZLES,0.0
EMBEZZLING,0.0
ENCROACH,0.0
ENCROACHED,0.0
ENCROACHES,0.0
ENCROACHING,0.0
ENCROACHMENT,0.0
ENCROACHMENTS,0.0
ENCUMBER,0.0
ENCUMBERED,0.0
ENCUMBERING,0.0
ENCUMBERS,0.0
ENCUMBRANCE,0.0
ENCUMBRANCES,0.0
ENDANGER,0.0
ENDANGERED,0.0
ENDANGERING,0.0
ENDANGERMENT,0.0
ENDANGERS,0.0
ENJOIN,0.0
ENJOINED,0.0
ENJOINING,0.0
ENJOINS,0.0
ERODE,0.0
ERODED,0.0
ERODES,0.0
ERODING,0.0
EROSION,0.0
ERRATIC,0.0
ERRATICALLY,0.0
ERRED,0.0
ERRING,0.0
ERRONEOUS,0.0
ERRONEOUSLY,0.0
ERROR,0.0
ERRORS,0.0
ERRS,0.0
ESCALATE,0.0
ESCALATED,0.0
ESCALATES,0.0
ESCALATING,0.0
EVADE,0.0
EVADED,0.0
EVADES,0.0
EVADING,0.0
EVASION,0.0
EVASIONS,0.0
EVASIVE,0.0
EVICT,0.0
EVICTED,0.0
EVICTING,0.0
EVICTION,0.0
EVICTIONS,0.0
EVICTS,0.0
EXACERBATE,0.0
EXACERBATED,0.0
EXACERBATES,0.0
EXACERBATING,0.0
EXACERBATION,0.0
EXACERBATIONS,0.0
EXAGGERATE,0.0
EXAGGERATED,0.0
EXAGGERATES,0.0
EXAGGERATING,0.0
EXAGGERATION,0.0
EXCESSIVE,0.0
EXCESSIVELY,0.0
EXCULPATE,0.0
EXCULPATED,0.0
EXCULPATES,0.0
EXCULPATING,0.0
EXCULPATION,0.0
EXCULPATIONS,0.0
EXCULPATORY,0.0
EXONERATE,0.0
EXONERATED,0.0
EXONERATES,0.0
EXONERATING,0.0
EXONERATION,0.0
EXONERATIONS,0.0
EXPLOIT,0.0
EXPLOITATION,0.0
EXPLOITATIONS,0.0
EXPLOITATIVE,0.0
EXPLOITED,0.0
EXPLOITING,0.0
EXPLOITS,0.0
EXPOSE,0.0
EXPOSED,0.0
EXPOSES,0.0
EXPOSING,0.0
EXPROPRIATE,0.0
EXPROPRIATED,0.0
EXPROPRIATES,0.0
EXPROPRIATING,0.0
EXPROPRIATION,0.0
EXPROPRIATIONS,0.0
EXPULSION,0.0
EXPULSIONS,0.0
EXTENUATING,0.0
FAIL,0.0
FAILED,0.0
FAILING,0.0
FAILINGS,0.0
FAILS,0.0
FAILURE,0.0
FAILURES,0.0
FALLOUT,0.0
FALSE,0.0
FALSELY,0.0
FALSIFICATION,0.0
FALSIFICATIONS,0.0
FALSIFIED,0.0
FALSIFIES,0.0
FALSIFY,0.0
FALSIFYING,0.0
FALSITY,0.0
FATALITIES,0.0
FATALITY,0.0
FATALLY,0.0
FAULT,0.0
FAULTED,0.0
FAULTS,0.0
FAULTY,0.0
FEAR,0.0
FEARS,0.0
FELONIES,0.0
FELONIOUS,0.0
FELONY,0.0
FICTITIOUS,0.0
FINED,0.0
FINES,0.0
FIRED,0.0
FIRING,0.0
FLAW,0.0
FLAWED,0.0
FLAWS,0.0
FORBID,0.0
FORBIDDEN,0.0
FORBIDDING,0.0
FORBIDS,0.0
FORCE,0.0
FORCED,0.0
FORCING,0.0
FORECLOSE,0.0
FORECLOSED,0.0
FORECLOSES,0.0
FORECLOSING,0.0
FORECLOSURE,0.0
FORECLOSURES,0.0
FOREGO,0.0
FOREGOES,0.0
FOREGONE,0.0
FORESTALL,0.0
FORESTALLED,0.0
FORESTALLING,0.0
FORESTALLS,0.0
FORFEIT,0.0
FORFEITED,0.0
FORFEITING,0.0
FORFEITS,0.0
FORFEITURE,0.0
FORFEITURES,0.0
FORGERS,0.0
FORGERY,0.0
FRAUD,0.0
FRAUDS,0.0
FRAUDULENCE,0.0
FRAUDULENT,0.0
FRAUDULENTLY,0.0
FRIVOLOUS,0.0
FRIVOLOUSLY,0.0
FRUSTRATE,0.0
FRUSTRATED,0.0
FRUSTRATES,0.0
FRUSTRATING,0.0
FRUSTRATINGLY,0.0
FRUSTRATION,0.0
FRUSTRATIONS,0.0
FUGITIVE,0.0
FUGITIVES,0.0
GRATUITOUS,0.0
GRATUITOUSLY,0.0
GRIEVANCE,0.0
GRIEVANCES,0.0
GROSSLY,0.0
GROUNDLESS,0.0
GUILTY,0.0
HALT,0.0
HALTED,0.0
HAMPER,0.0
HAMPERED,0.0
HAMPERING,0.0
HAMPERS,0.0
HARASS,0.0
HARASSED,0.0
HARASSING,0.0
HARASSMENT,0.0
HARDSHIP,0.0
HARDSHIPS,0.0
HARM,0.0
HARMED,0.0
HARMFUL,0.0
HARMFULLY,0.0
HARMING,0.0
HARMS,0.0
HARSH,0.0
HARSHER,0.0
HARSHEST,0.0
HARSHLY,0.0
HARSHNESS,0.0
HAZARD,0.0
HAZARDOUS,0.0
HAZARDS,0.0
HINDER,0.0
HINDERED,0.0
HINDERING,0.0
HINDERS,0.0
HINDRANCE,0.0
HINDRANCES,0.0
HOSTILE,0.0
HOSTILITY,0.0
HURT,0.0
HURTING,0.0
IDLE,0.0
IDLED,0.0
IDLING,0.0
IGNORE,0.0
IGNORED,0.0
IGNORES,0.0
IGNORING,0.0
ILL,0.0
ILLEGAL,0.0
ILLEGALITIES,0.0
ILLEGALITY,0.0
ILLEGALLY,0.0
ILLEGIBLE,0.0
ILLICIT,0.0
ILLICITLY,0.0
ILLIQUID,0.0
ILLIQUIDITY,0.0
IMBALANCE,0.0
IMBALANCES,0.0
IMMATURE,0.0
IMMORAL,0.0
IMPAIR,0.0
IMPAIRED,0.0
IMPAIRING,0.0
IMPAIRMENT,0.0
IMPAIRMENTS,0.0
IMPAIRS,0.0
IMPASSE,0.0
IMPASSES,0.0
IMPEDE,0.0
IMPEDED,0.0
IMPEDES,0.0
IMPEDIMENT,0.0
IMPEDIMENTS,0.0
IMPEDING,0.0
IMPENDING,0.0
IMPERATIVE,0.0
IMPERFECTION,0.0
IMPERFECTIONS,0.0
IMPERIL,0.0
IMPERMISSIBLE,0.0
IMPLICATE,0.0
IMPLICATED,0.0
IMPLICATES,0.0
IMPLICATING,0.0
IMPOSSIBILITY,0.0
IMPOSSIBLE,0.0
IMPOUND,0.0
IMPOUNDED,0.0
IMPOUNDING,0.0
IMPOUNDS,0.0
IMPRACTICABLE,0.0
IMPRACTICAL,0.0
IMPRACTICALITIES,0.0
IMPRACTICALITY,0.0
IMPRISONMENT,0.0
IMPROPER,0.0
IMPROPERLY,0.0
IMPROPRIETIES,0.0
IMPROPRIETY,0.0
IMPRUDENT,0.0
IMPRUDENTLY,0.0
INABILITY,0.0
INACCESSIBLE,0.0
INACCURACIES,0.0
INACCURACY,0.0
INACCURATE,0.0
INACCURATELY,0.0
INACTION,0.0
INACTIONS,0.0
INACTIVATE,0.0
INACTIVATED,0.0
INACTIVATES,0.0
INACTIVATING,0.0
INACTIVATION,0.0
INACTIVATIONS,0.0
INACTIVITY,0.0
INADEQUACIES,0.0
INADEQUACY,0.0
INADEQUATE,0.0
INADEQUATELY,0.0
INADVERTENT,0.0
INADVERTENTLY,0.0
INADVISABILITY,0.0
INADVISABLE,0.0
INAPPROPRIATE,0.0
INAPPROPRIATELY,0.0
INATTENTION,0.0
INCAPABLE,0.0
INCAPACITATED,0.0
INCAPACITY,0.0
INCARCERATE,0.0
INCARCERATED,0.0
INCARCERATES,0.0
INCARCERATING,0.0
INCARCERATION,0.0
INCARCERATIONS,0.0
INCIDENCE,0.0
INCIDENCES,0.0
INCIDENT,0.0
INCIDENTS,0.0
INCOMPATIBILITIES,0.0
INCOMPATIBILITY,0.0
INCOMPATIBLE,0.0
INCOMPETENCE,0.0
INCOMPETENCY,0.0
INCOMPETENT,0.0
INCOMPETENTLY,0.0
INCOMPETENTS,0.0
INCOMPLETE,0.0
INCOMPLETELY,0.0
INCOMPLETENESS,0.0
INCONCLUSIVE,0.0
INCONSISTENCIES,0.0
INCONSISTENCY,0.0
INCONSISTENT,0.0
INCONSISTENTLY,0.0
INCONVENIENCE,0.0
INCONVENIENCES,0.0
INCONVENIENT,0.0
INCORRECT,0.0
INCORRECTLY,0.0
INCORRECTNESS,0.0
INDECENCY,0.0
INDECENT,0.0
INDEFEASIBLE,0.0
INDEFEASIBLY,0.0
INDICT,0.0
INDICTABLE,0.0
INDICTED,0.0
INDICTING,0.0
INDICTMENT,0.0
INDICTMENTS,0.0
INEFFECTIVE,0.0
INEFFECTIVELY,0.0
INEFFECTIVENESS,0.0
INEFFICIENCIES,0.0
INEFFICIENCY,0.0
INEFFICIENT,0.0
INEFFICIENTLY,0.0
INELIGIBILITY,0.0
INELIGIBLE,0.0
INEQUITABLE,0.0
INEQUITABLY,0.0
INEQUITIES,0.0
INEQUITY,0.0
INEVITABLE,0.0
INEXPERIENCE,0.0
INEXPERIENCED,0.0
INFERIOR,0.0
INFLICTED,0.0
INFRACTION,0.0
INFRACTIONS,0.0
INFRINGE,0.0
INFRINGED,0.0
INFRINGEMENT,0.0
INFRINGEMENTS,0.0
INFRINGES,0.0
INFRINGING,0.0
INHIBITED,0.0
INIMICAL,0.0
INJUNCTION,0.0
INJUNCTIONS,0.0
INJURE,0.0
INJURED,0.0
INJURES,0.0
INJURIES,0.0
INJURING,0.0
INJURIOUS,0.0
INJURY,0.0
INORDINATE,0.0
INORDINATELY,0.0
INQUIRY,0.0
INSECURE,0.0
INSENSITIVE,0.0
INSOLVENCIES,0.0
INSOLVENCY,0.0
INSOLVENT,0.0
INSTABILITY,0.0
INSUBORDINATION,0.0
INSUFFICIENCY,0.0
INSUFFICIENT,0.0
INSUFFICIENTLY,0.0
INSURRECTION,0.0
INSURRECTIONS,0.0
INTENTIONAL,0.0
INTERFERE,0.0
INTERFERED,0.0
INTERFERENCE,0.0
INTERFERENCES,0.0
INTERFERES,0.0
INTERFERING,0.0
INTERMITTENT,0.0
INTERMITTENTLY,0.0
INTERRUPT,0.0
INTERRUPTED,0.0
INTERRUPTING,0.0
INTERRUPTION,0.0
INTERRUPTIONS,0.0
INTERRUPTS,0.0
INTIMIDATION,0.0
INTRUSION,0.0
INVALID,0.0
INVALIDATE,0.0
INVALIDATED,0.0
INVALIDATES,0.0
INVALIDATING,0.0
INVALIDATION,0.0
INVALIDITY,0.0
INVESTIGATE,0.0
INVESTIGATED,0.0
INVESTIGATES,0.0
INVESTIGATING,0.0
INVESTIGATION,0.0
INVESTIGATIONS,0.0
INVOLUNTARILY,0.0
INVOLUNTARY,0.0
IRRECONCILABLE,0.0
IRRECONCILABLY,0.0
IRRECOVERABLE,0.0
IRRECOVERABLY,0.0
IRREGULAR,0.0
IRREGULARITIES,0.0
IRREGULARITY,0.0
IRREGULARLY,0.0
IRREPARABLE,0.0
IRREPARABLY,0.0
IRREVERSIBLE,0.0
JEOPARDIZE,0.0
JEOPARDIZED,0.0
JUSTIFIABLE,0.0
KICKBACK,0.0
KICKBACKS,0.0
KNOWINGLY,0.0
LACK,0.0
LACKED,0.0
LACKING,0.0
LACKLUSTER,0.0
LACKS,0.0
LAG,0.0
LAGGED,0.0
LAGGING,0.0
LAGS,0.0
LAPSE,0.0
LAPSED,0.0
LAPSES,0.0
LAPSING,0.0
LATE,0.0
LAUNDERING,0.0
LAYOFF,0.0
LAYOFFS,0.0
LIE,0.0
LIMITATION,0.0
LIMITATIONS,0.0
LINGERING,0.0
LIQUIDATE,0.0
LIQUIDATED,0.0
LIQUIDATES,0.0
LIQUIDATING,0.0
LIQUIDATION,0.0
LIQUIDATIONS,0.0
LIQUIDATOR,0.0
LIQUIDATORS,0.0
LITIGANT,0.0
LITIGANTS,0.0
LITIGATE,0.0
LITIGATED,0.0
LITIGATES,0.0
LITIGATING,0.0
LITIGATION,0.0
LITIGATIONS,0.0
LOCKOUT,0.0
LOCKOUTS,0.0
LOSE,0.0
LOSES,0.0
LOSING,0.0
LOSS,0.0
LOSSES,0.0
LOST,0.0
LYING,0.0
MALFEASANCE,0.0
MALFUNCTION,0.0
MALFUNCTIONED,0.0
MALFUNCTIONING,0.0
MALFUNCTIONS,0.0
MALICE,0.0
MALICIOUS,0.0
MALICIOUSLY,0.0
MALPRACTICE,0.0
MANIPULATE,0.0
MANIPULATED,0.0
MANIPULATES,0.0
MANIPULATING,0.0
MANIPULATION,0.0
MANIPULATIONS,0.0
MANIPULATIVE,0.0
MARKDOWN,0.0
MARKDOWNS,0.0
MISAPPLICATION,0.0
MISAPPLICATIONS,0.0
MISAPPLIED,0.0
MISAPPLIES,0.0
MISAPPLY,0.0
MISAPPLYING,0.0
MISAPPROPRIATE,0.0
MISAPPROPRIATED,0.0
MISAPPROPRIATES,0.0
MISAPPROPRIATING,0.0
MISAPPROPRIATION,0.0
MISAPPROPRIATIONS,0.0
MISBRANDED,0.0
MISCALCULATE,0.0
MISCALCULATED,0.0
MISCALCULATES,0.0
MISCALCULATING,0.0
MISCALCULATION,0.0
MISCALCULATIONS,0.0
MISCHARACTERIZATION,0.0
MISCHIEF,0.0
MISCLASSIFICATION,0.0
MISCLASSIFICATIONS,0.0
MISCLASSIFIED,0.0
MISCLASSIFY,0.0
MISCOMMUNICATION,0.0
MISCONDUCT,0.0
MISDATED,0.0
MISDEMEANOR,0.0
MISDEMEANORS,0.0
MISDIRECTED,0.0
MISHANDLE,0.0
MISHANDLED,0.0
MISHANDLES,0.0
MISHANDLING,0.0
MISINFORM,0.0
MISINFORMATION,0.0
MISINFORMED,0.0
MISINFORMING,0.0
MISINFORMS,0.0
MISINTERPRET,0.0
MISINTERPRETATION,0.0
MISINTERPRETATIONS,0.0
MISINTERPRETED,0.0
MISINTERPRETING,0.0
MISINTERPRETS,0.0
MISJUDGE,0.0
MISJUDGED,0.0
MISJUDGES,0.0
MISJUDGING,0.0
MISJUDGMENT,0.0
MISJUDGMENTS,0.0
MISLABEL,0.0
MISLABELED,0.0
MISLABELING,0.0
MISLABELLED,0.0
MISLABELS,0.0
MISLEAD,0.0
MISLEADING,0.0
MISLEADINGLY,0.0
MISLEADS,0.0
MISLED,0.0
MISMANAGE,0.0
MISMANAGED,0.0
MISMANAGEMENT,0.0
MISMANAGES,0.0
MISMANAGING,0.0
MISMATCH,0.0
MISMATCHED,0.0
MISMATCHES,0.0
MISMATCHING,0.0
MISPLACED,0.0
MISPRICE,0.0
MISPRICING,0.0
MISPRICINGS,0.0
MISREPRESENT,0.0
MISREPRESENTATION,0.0
MISREPRESENTATIONS,0.0
MISREPRESENTED,0.0
MISREPRESENTING,0.0
MISREPRESENTS,0.0
MISS,0.0
MISSED,0.0
MISSES,0.0
MISSTATE,0.0
MISSTATED,0.0
MISSTATEMENT,0.0
MISSTATEMENTS,0.0
MISSTATES,0.0
MISSTATING,0.0
MISSTEP,0.0
MISSTEPS,0.0
MISTAKE,0.0
MISTAKEN,0.0
MISTAKENLY,0.0
MISTAKES,0.0
MISTAKING,0.0
MISTRIAL,0.0
MISTRIALS,0.0
MISUNDERSTAND,0.0
MISUNDERSTANDING,0.0
MISUNDERSTANDINGS,0.0
MISUNDERSTOOD,0.0
MISUSE,0.0
MISUSED,0.0
MISUSES,0.0
MISUSING,0.0
MONOPOLISTIC,0.0
MONOPOLISTS,0.0
MONOPOLIZATION,0.0
MONOPOLIZE,0.0
MONOPOLIZED,0.0
MONOPOLIZES,0.0
MONOPOLIZING,0.0
MONOPOLY,0.0
MORATORIA,0.0
MORATORIUM,0.0
MORATORIUMS,0.0
MOTHBALLED,0.0
MOTHBALLING,0.0
NEGATIVE,0.0
NEGATIVELY,0.0
NEGATIVES,0.0
NEGLECT,0.0
NEGLECTED,0.0
NEGLECTFUL,0.0
NEGLECTING,0.0
NEGLECTS,0.0
NEGLIGENCE,0.0
NEGLIGENCES,0.0
NEGLIGENT,0.0
NEGLIGENTLY,0.0
NONATTAINMENT,0.0
NONCOMPETITIVE,0.0
NONCOMPLIANCE,0.0
NONCOMPLIANCES,0.0
NONCOMPLIANT,0.0
NONCOMPLYING,0.0
NONCONFORMING,0.0
NONCONFORMITIES,0.0
NONCONFORMITY,0.0
NONDISCLOSURE,0.0
NONFUNCTIONAL,0.0
NONPAYMENT,0.0
NONPAYMENTS,0.0
NONPERFORMANCE,0.0
NONPERFORMANCES,0.0
NONPERFORMING,0.0
NONPRODUCING,0.0
NONPRODUCTIVE,0.0
NONRECOVERABLE,0.0
NONRENEWAL,0.0
NUISANCE,0.0
NUISANCES,0.0
NULLIFICATION,0.0
NULLIFICATIONS,0.0
NULLIFIED,0.0
NULLIFIES,0.0
NULLIFY,0.0
NULLIFYING,0.0
OBJECTED,0.0
OBJECTING,0.0
OBJECTION,0.0
OBJECTIONABLE,0.0
OBJECTIONABLY,0.0
OBJECTIONS,0.0
OBSCENE,0.0
OBSCENITY,0.0
OBSOLESCENCE,0.0
OBSOLETE,0.0
OBSTACLE,0.0
OBSTACLES,0.0
OBSTRUCT,0.0
OBSTRUCTED,0.0
OBSTRUCTING,0.0
OBSTRUCTION,0.0
OBSTRUCTIONS,0.0
OFFENCE,0.0
OFFENCES,0.0
OFFEND,0.0
OFFENDED,0.0
OFFENDER,0.0
OFFENDERS,0.0
OFFENDING,0.0
OFFENDS,0.0
OMISSION,0.0
OMISSIONS,0.0
OMIT,0.0
OMITS,0.0
OMITTED,0.0
OMITTING,0.0
ONEROUS,0.0
OPPORTUNISTIC,0.0
OPPORTUNISTICALLY,0.0
OPPOSE,0.0
OPPOSED,0.0
OPPOSES,0.0
OPPOSING,0.0
OPPOSITION,0.0
OPPOSITIONS,0.0
OUTAGE,0.0
OUTAGES,0.0
OUTDATED,0.0
OUTMODED,0.0
OVERAGE,0.0
OVERAGES,0.0
OVERBUILD,0.0
OVERBUILDING,0.0
OVERBUILDS,0.0
OVERBUILT,0.0
OVERBURDEN,0.0
OVERBURDENED,0.0
OVERBURDENING,0.0
OVERCAPACITIES,0.0
OVERCAPACITY,0.0
OVERCHARGE,0.0
OVERCHARGED,0.0
OVERCHARGES,0.0
OVERCHARGING,0.0
OVERCOME,0.0
OVERCOMES,0.0
OVERCOMING,0.0
OVERDUE,0.0
OVERESTIMATE,0.0
OVERESTIMATED,0.0
OVERESTIMATES,0.0
OVERESTIMATING,0.0
OVERESTIMATION,0.0
OVERESTIMATIONS,0.0
OVERLOAD,0.0
OVERLOADED,0.0
OVERLOADING,0.0
OVERLOADS,0.0
OVERLOOK,0.0
OVERLOOKED,0.0
OVERLOOKING,0.0
OVERLOOKS,0.0
OVERPAID,0.0
OVERPAYMENT,0.0
OVERPAYMENTS,0.0
OVERPRODUCED,0.0
OVERPRODUCES,0.0
OVERPRODUCING,0.0
OVERPRODUCTION,0.0
OVERRUN,0.0
OVERRUNNING,0.0
OVERRUNS,0.0
OVERSHADOW,0.0
OVERSHADOWED,0.0
OVERSHADOWING,0.0
OVERSHADOWS,0.0
OVERSTATE,0.0
OVERSTATED,0.0
OVERSTATEMENT,0.0
OVERSTATEMENTS,0.0
OVERSTATES,0.0
OVERSTATING,0.0
OVERSUPPLIED,0.0
OVERSUPPLIES,0.0
OVERSUPPLY,0.0
OVERSUPPLYING,0.0
OVERTLY,0.0
OVERTURN,0.0
OVERTURNED,0.0
OVERTURNING,0.0
OVERTURNS,0.0
OVERVALUE,0.0
OVERVALUED,0.0
OVERVALUING,0.0
PANIC,0.0
PANICS,0.0
PENALIZE,0.0
PENALIZED,0.0
PENALIZES,0.0
PENALIZING,0.0
PENALTIES,0.0
PENALTY,0.0
PERIL,0.0
PERILS,0.0
PERJURY,0.0
PERPETRATE,0.0
PERPETRATED,0.0
PERPETRATES,0.0
PERPETRATING,0.0
PERPETRATION,0.0
PERSIST,0.0
PERSISTED,0.0
PERSISTENCE,0.0
PERSISTENT,0.0
PERSISTENTLY,0.0
PERSISTING,0.0
PERSISTS,0.0
PERVASIVE,0.0
PERVASIVELY,0.0
PERVASIVENESS,0.0
PETTY,0.0
PICKET,0.0
PICKETED,0.0
PICKETING,0.0
PLAINTIFF,0.0
PLAINTIFFS,0.0
PLEA,0.0
PLEAD,0.0
PLEADED,0.0
PLEADING,0.0
PLEADINGS,0.0
PLEADS,0.0
PLEAS,0.0
PLED,0.0
POOR,0.0
POORLY,0.0
POSES,0.0
POSING,0.0
POSTPONE,0.0
POSTPONED,0.0
POSTPONEMENT,0.0
POSTPONEMENTS,0.0
POSTPONES,0.0
POSTPONING,0.0
PRECIPITATED,0.0
PRECIPITOUS,0.0
PRECIPITOUSLY,0.0
PRECLUDE,0.0
PRECLUDED,0.0
PRECLUDES,0.0
PRECLUDING,0.0
PREDATORY,0.0
PREJUDICE,0.0
PREJUDICED,0.0
PREJUDICES,0.0
PREJUDICIAL,0.0
PREJUDICING,0.0
PREMATURE,0.0
PREMATURELY,0.0
PRESSING,0.0
PRETRIAL,0.0
PREVENTING,0.0
PREVENTION,0.0
PREVENTS,0.0
PROBLEM,0.0
PROBLEMATIC,0.0
PROBLEMATICAL,0.0
PROBLEMS,0.0
PROLONG,0.0
PROLONGATION,0.0
PROLONGATIONS,0.0
PROLONGED,0.0
PROLONGING,0.0
PROLONGS,0.0
PRONE,0.0
PROSECUTE,0.0
PROSECUTED,0.0
PROSECUTES,0.0
PROSECUTING,0.0
PROSECUTION,0.0
PROSECUTIONS,0.0
PROTEST,0.0
PROTESTED,0.0
PROTESTER,0.0
PROTESTERS,0.0
PROTESTING,0.0
PROTESTOR,0.0
PROTESTORS,0.0
PROTESTS,0.0
PROTRACTED,0.0
PROTRACTION,0.0
PROVOKE,0.0
PROVOKED,0.0
PROVOKES,0.0
PROVOKING,0.0
PUNISHED,0.0
PUNISHES,0.0
PUNISHING,0.0
PUNISHMENT,0.0
PUNISHMENTS,0.0
PUNITIVE,0.0
PURPORT,0.0
PURPORTED,0.0
PURPORTEDLY,0.0
PURPORTING,0.0
PURPORTS,0.0
QUESTION,0.0
QUESTIONABLE,0.0
QUESTIONABLY,0.0
QUESTIONED,0.0
QUESTIONING,0.0
QUESTIONS,0.0
QUIT,0.0
QUITTING,0.0
RACKETEER,0.0
RACKETEERING,0.0
RATIONALIZATION,0.0
RATIONALIZATIONS,0.0
RATIONALIZE,0.0
RATIONALIZED,0.0
RATIONALIZES,0.0
RATIONALIZING,0.0
REASSESSMENT,0.0
REASSESSMENTS,0.0
REASSIGN,0.0
REASSIGNED,0.0
REASSIGNING,0.0
REASSIGNMENT,0.0
REASSIGNMENTS,0.0
REASSIGNS,0.0
RECALL,0.0
RECALLED,0.0
RECALLING,0.0
RECALLS,0.0
RECESSION,0.0
RECESSIONARY,0.0
RECESSIONS,0.0
RECKLESS,0.0
RECKLESSLY,0.0
RECKLESSNESS,0.0
REDACT,0.0
REDACTED,0.0
REDACTING,0.0
REDACTION,0.0
REDACTIONS,0.0
REDEFAULT,0.0
REDEFAULTED,0.0
REDEFAULTS,0.0
REDRESS,0.0
REDRESSED,0.0
REDRESSES,0.0
REDRESSING,0.0
REFUSAL,0.0
REFUSALS,0.0
REFUSE,0.0
REFUSED,0.0
REFUSES,0.0
REFUSING,0.0
REJECT,0.0
REJECTED,0.0
REJECTING,0.0
REJECTION,0.0
REJECTIONS,0.0
REJECTS,0.0
RELINQUISH,0.0
RELINQUISHED,0.0
RELINQUISHES,0.0
RELINQUISHING,0.0
RELINQUISHMENT,0.0
RELINQUISHMENTS,0.0
RELUCTANCE,0.0
RELUCTANT,0.0
RENEGOTIATE,0.0
RENEGOTIATED,0.0
RENEGOTIATES,0.0
RENEGOTIATING,0.0
RENEGOTIATION,0.0
RENEGOTIATIONS,0.0
RENOUNCE,0.0
RENOUNCED,0.0
RENOUNCEMENT,0.0
RENOUNCEMENTS,0.0
RENOUNCES,0.0
RENOUNCING,0.0
REPARATION,0.0
REPARATIONS,0.0
REPOSSESSED,0.0
REPOSSESSES,0.0
REPOSSESSING,0.0
REPOSSESSION,0.0
REPOSSESSIONS,0.0
REPUDIATE,0.0
REPUDIATED,0.0
REPUDIATES,0.0
REPUDIATING,0.0
REPUDIATION,0.0
REPUDIATIONS,0.0
RESIGN,0.0
RESIGNATION,0.0
RESIGNATIONS,0.0
RESIGNED,0.0
RESIGNING,0.0
RESIGNS,0.0
RESTATE,0.0
RESTATED,0.0
RESTATEMENT,0.0
RESTATEMENTS,0.0
RESTATES,0.0
RESTATING,0.0
RESTRUCTURE,0.0
RESTRUCTURED,0.0
RESTRUCTURES,0.0
RESTRUCTURING,0.0
RESTRUCTURINGS,0.0
RETALIATE,0.0
RETALIATED,0.0
RETALIATES,0.0
RETALIATING,0.0
RETALIATION,0.0
RETALIATIONS,0.0
RETALIATORY,0.0
RETRIBUTION,0.0
RETRIBUTIONS,0.0
REVOCATION,0.0
REVOCATIONS,0.0
REVOKE,0.0
REVOKED,0.0
REVOKES,0.0
REVOKING,0.0
RIDICULE,0.0
RIDICULED,0.0
RIDICULES,0.0
RIDICULING,0.0
RISKIER,0.0
RISKIEST,0.0
RISKY,0.0
SABOTAGE,0.0
SACRIFICE,0.0
SACRIFICED,0.0
SACRIFICES,0.0
SACRIFICIAL,0.0
SACRIFICING,0.0
SCANDALOUS,0.0
SCANDALS,0.0
SCRUTINIZE,0.0
SCRUTINIZED,0.0
SCRUTINIZES,0.0
SCRUTINIZING,0.0
SCRUTINY,0.0
SECRECY,0.0
SEIZE,0.0
SEIZED,0.0
SEIZES,0.0
SEIZING,0.0
SENTENCED,0.0
SENTENCING,0.0
SERIOUS,0.0
SERIOUSLY,0.0
SERIOUSNESS,0.0
SETBACK,0.0
SETBACKS,0.0
SEVER,0.0
SEVERE,0.0
SEVERED,0.0
SEVERELY,0.0
SEVERITIES,0.0
SEVERITY,0.0
SHARPLY,0.0
SHOCKED,0.0
SHORTAGE,0.0
SHORTAGES,0.0
SHORTFALL,0.0
SHORTFALLS,0.0
SHRINKAGE,0.0
SHRINKAGES,0.0
SHUT,0.0
SHUTDOWN,0.0
SHUTDOWNS,0.0
SHUTS,0.0
SHUTTING,0.0
SLANDER,0.0
SLANDERED,0.0
SLANDEROUS,0.0
SLANDERS,0.0
SLIPPAGE,0.0
SLIPPAGES,0.0
SLOW,0.0
SLOWDOWN,0.0
SLOWDOWNS,0.0
SLOWED,0.0
SLOWER,0.0
SLOWEST,0.0
SLOWING,0.0
SLOWLY,0.0
SLOWNESS,0.0
SLUGGISH,0.0
SLUGGISHLY,0.0
SLUGGISHNESS,0.0
SOLVENCIES,0.0
SOLVENCY,0.0
SPAM,0.0
SPAMMERS,0.0
SPAMMING,0.0
STAGGERING,0.0
STAGNANT,0.0
STAGNATE,0.0
STAGNATED,0.0
STAGNATES,0.0
STAGNATING,0.0
STAGNATION,0.0
STANDSTILL,0.0
STANDSTILLS,0.0
STOLEN,0.0
STOPPAGE,0.0
STOPPAGES,0.0
STOPPED,0.0
STOPPING,0.0
STOPS,0.0
STRAIN,0.0
STRAINED,0.0
STRAINING,0.0
STRAINS,0.0
STRESS,0.0
STRESSED,0.0
STRESSES,0.0
STRESSFUL,0.0
STRESSING,0.0
STRINGENT,0.0
SUBJECTED,0.0
SUBJECTING,0.0
SUBJECTION,0.0
SUBPOENA,0.0
SUBPOENAED,0.0
SUBPOENAS,0.0
SUBSTANDARD,0.0
SUE,0.0
SUED,0.0
SUES,0.0
SUFFER,0.0
SUFFERED,0.0
SUFFERING,0.0
SUFFERS,0.0
SUING,0.0
SUMMONED,0.0
SUMMONING,0.0
SUMMONS,0.0
SUMMONSES,0.0
SUSCEPTIBILITY,0.0
SUSCEPTIBLE,0.0
SUSPECT,0.0
SUSPECTED,0.0
SUSPECTS,0.0
SUSPEND,0.0
SUSPENDED,0.0
SUSPENDING,0.0
SUSPENDS,0.0
SUSPENSION,0.0
SUSPENSIONS,0.0
SUSPICION,0.0
SUSPICIONS,0.0
SUSPICIOUS,0.0
SUSPICIOUSLY,0.0
TAINT,0.0
TAINTED,0.0
TAINTING,0.0
TAINTS,0.0
TAMPERED,0.0
TENSE,0.0
TERMINATE,0.0
TERMINATED,0.0
TERMINATES,0.0
TERMINATING,0.0
TERMINATION,0.0
TERMINATIONS,0.0
TESTIFY,0.0
TESTIFYING,0.0
THREAT,0.0
THREATEN,0.0
THREATENED,0.0
THREATENING,0.0
THREATENS,0.0
THREATS,0.0
TIGHTENING,0.0
TOLERATE,0.0
TOLERATED,0.0
TOLERATES,0.0
TOLERATING,0.0
TOLERATION,0.0
TORTUOUS,0.0
TORTUOUSLY,0.0
TRAGEDIES,0.0
TRAGEDY,0.0
TRAGIC,0.0
TRAGICALLY,0.0
TRAUMATIC,0.0
TROUBLE,0.0
TROUBLED,0.0
TROUBLES,0.0
TURBULENCE,0.0
TURMOIL,0.0
UNABLE,0.0
UNACCEPTABLE,0.0
UNACCEPTABLY,0.0
UNACCOUNTED,0.0
UNANNOUNCED,0.0
UNANTICIPATED,0.0
UNAPPROVED,0.0
UNATTRACTIVE,0.0
UNAUTHORIZED,0.0
UNAVAILABILITY,0.0
UNAVAILABLE,0.0
UNAVOIDABLE,0.0
UNAVOIDABLY,0.0
UNAWARE,0.0
UNCOLLECTABLE,0.0
UNCOLLECTED,0.0
UNCOLLECTIBILITY,0.0
UNCOLLECTIBLE,0.0
UNCOLLECTIBLES,0.0
UNCOMPETITIVE,0.0
UNCOMPLETED,0.0
UNCONSCIONABLE,0.0
UNCONSCIONABLY,0.0
UNCONTROLLABLE,0.0
UNCONTROLLABLY,0.0
UNCONTROLLED,0.0
UNCORRECTED,0.0
UNCOVER,0.0
UNCOVERED,0.0
UNCOVERING,0.0
UNCOVERS,0.0
UNDELIVERABLE,0.0
UNDELIVERED,0.0
UNDERCAPITALIZED,0.0
UNDERCUT,0.0
UNDERCUTS,0.0
UNDERCUTTING,0.0
UNDERESTIMATE,0.0
UNDERESTIMATED,0.0
UNDERESTIMATES,0.0
UNDERESTIMATING,0.0
UNDERESTIMATION,0.0
UNDERFUNDED,0.0
UNDERINSURED,0.0
UNDERMINE,0.0
UNDERMINED,0.0
UNDERMINES,0.0
UNDERMINING,0.0
UNDERPAID,0.0
UNDERPAYMENT,0.0
UNDERPAYMENTS,0.0
UNDERPAYS,0.0
UNDERPERFORM,0.0
UNDERPERFORMANCE,0.0
UNDERPERFORMED,0.0
UNDERPERFORMING,0.0
UNDERPERFORMS,0.0
UNDERPRODUCED,0.0
UNDERPRODUCTION,0.0
UNDERREPORTING,0.0
UNDERSTATE,0.0
UNDERSTATED,0.0
UNDERSTATEMENT,0.0
UNDERSTATEMENTS,0.0
UNDERSTATES,0.0
UNDERSTATING,0.0
UNDERUTILIZATION,0.0
UNDERUTILIZED,0.0
UNDESIRABLE,0.0
UNDESIRED,0.0
UNDETECTED,0.0
UNDETERMINED,0.0
UNDISCLOSED,0.0
UNDOCUMENTED,0.0
UNDUE,0.0
UNDULY,0.0
UNECONOMIC,0.0
UNECONOMICAL,0.0
UNECONOMICALLY,0.0
UNEMPLOYED,0.0
UNEMPLOYMENT,0.0
UNETHICAL,0.0
UNETHICALLY,0.0
UNEXCUSED,0.0
UNEXPECTED,0.0
UNEXPECTEDLY,0.0
UNFAIR,0.0
UNFAIRLY,0.0
UNFAVORABILITY,0.0
UNFAVORABLE,0.0
UNFAVORABLY,0.0
UNFAVOURABLE,0.0
UNFEASIBLE,0.0
UNFIT,0.0
UNFITNESS,0.0
UNFORESEEABLE,0.0
UNFORESEEN,0.0
UNFORSEEN,0.0
UNFORTUNATE,0.0
UNFORTUNATELY,0.0
UNFOUNDED,0.0
UNFRIENDLY,0.0
UNFULFILLED,0.0
UNFUNDED,0.0
UNINSURED,0.0
UNINTENDED,0.0
UNINTENTIONAL,0.0
UNINTENTIONALLY,0.0
UNJUST,0.0
UNJUSTIFIABLE,0.0
UNJUSTIFIABLY,0.0
UNJUSTIFIED,0.0
UNJUSTLY,0.0
UNKNOWING,0.0
UNKNOWINGLY,0.0
UNLAWFUL,0.0
UNLAWFULLY,0.0
UNLICENSED,0.0
UNLIQUIDATED,0.0
UNMARKETABLE,0.0
UNMERCHANTABLE,0.0
UNMERITORIOUS,0.0
UNNECESSARILY,0.0
UNNECESSARY,0.0
UNNEEDED,0.0
UNOBTAINABLE,0.0
UNOCCUPIED,0.0
UNPAID,0.0
UNPERFORMED,0.0
UNPLANNED,0.0
UNPOPULAR,0.0
UNPREDICTABILITY,0.0
UNPREDICTABLE,0.0
UNPREDICTABLY,0.0
UNPREDICTED,0.0
UNPRODUCTIVE,0.0
UNPROFITABILITY,0.0
UNPROFITABLE,0.0
UNQUALIFIED,0.0
UNREALISTIC,0.0
UNREASONABLE,0.0
UNREASONABLENESS,0.0
UNREASONABLY,0.0
UNRECEPTIVE,0.0
UNRECOVERABLE,0.0
UNRECOVERED,0.0
UNREIMBURSED,0.0
UNRELIABLE,0.0
UNREMEDIED,0.0
UNREPORTED,0.0
UNRESOLVED,0.0
UNREST,0.0
UNSAFE,0.0
UNSALABLE,0.0
UNSALEABLE,0.0
UNSATISFACTORY,0.0
UNSATISFIED,0.0
UNSAVORY,0.0
UNSCHEDULED,0.0
UNSELLABLE,0.0
UNSOLD,0.0
UNSOUND,0.0
UNSTABILIZED,0.0
UNSTABLE,0.0
UNSUBSTANTIATED,0.0
UNSUCCESSFUL,0.0
UNSUCCESSFULLY,0.0
UNSUITABILITY,0.0
UNSUITABLE,0.0
UNSUITABLY,0.0
UNSUITED,0.0
UNSURE,0.0
UNSUSPECTED,0.0
UNSUSPECTING,0.0
UNSUSTAINABLE,0.0
UNTENABLE,0.0
UNTIMELY,0.0
UNTRUSTED,0.0
UNTRUTH,0.0
UNTRUTHFUL,0.0
UNTRUTHFULLY,0.0
UNTRUTHFULNESS,0.0
UNTRUTHS,0.0
UNUSABLE,0.0
UNWANTED,0.0
UNWARRANTED,0.0
UNWELCOME,0.0
UNWILLING,0.0
UNWILLINGNESS,0.0
UPSET,0.0
URGENCY,0.0
URGENT,0.0
USURIOUS,0.0
USURP,0.0
USURPED,0.0
USURPING,0.0
USURPS,0.0
USURY,0.0
VANDALISM,0.0
VERDICT,0.0
VERDICTS,0.0
VETOED,0.0
VICTIMS,0.0
VIOLATE,0.0
VIOLATED,0.0
VIOLATES,0.0
VIOLATING,0.0
VIOLATION,0.0
VIOLATIONS,0.0
VIOLATIVE,0.0
VIOLATOR,0.0
VIOLATORS,0.0
VIOLENCE,0.0
VIOLENT,0.0
VIOLENTLY,0.0
VITIATE,0.0
VITIATED,0.0
VITIATES,0.0
VITIATING,0.0
VITIATION,0.0
VOIDED,0.0
VOIDING,0.0
VOLATILE,0.0
VOLATILITY,0.0
VULNERABILITIES,0.0
VULNERABILITY,0.0
VULNERABLE,0.0
VULNERABLY,0.0
WARN,0.0
WARNED,0.0
WARNING,0.0
WARNINGS,0.0
WARNS,0.0
WASTED,0.0
WASTEFUL,0.0
WASTING,0.0
WEAK,0.0
WEAKEN,0.0
WEAKENED,0.0
WEAKENING,0.0
WEAKENS,0.0
WEAKER,0.0
WEAKEST,0.0
WEAKLY,0.0
WEAKNESS,0.0
WEAKNESSES,0.0
WILLFULLY,0.0
WORRIES,0.0
WORRY,0.0
WORRYING,0.0
WORSE,0.0
WORSEN,0.0
WORSENED,0.0
WORSENING,0.0
WORSENS,0.0
WORST,0.0
WORTHLESS,0.0
WRITEDOWN,0.0
WRITEDOWNS,0.0
WRITEOFF,0.0
WRITEOFFS,0.0
WRONG,0.0
WRONGDOING,0.0
WRONGDOINGS,0.0
WRONGFUL,0.0
WRONGFULLY,0.0
WRONGLY,0.0
