,positive
ABLE,0.0
ABUNDANCE,0.0
ABUNDANT,0.0
ACCLAIMED,0.0
ACCOMPLISH,0.0
ACCOMPLISHED,0.0
ACCOMPLISHES,0.0
ACCOMPLISHING,0.0
ACCOMPLISHMENT,0.0
ACCOMPLISHMENTS,0.0
ACHIEVE,0.0
ACHIEVED,0.0
ACHIEVEMENT,0.0
ACHIEVEMENTS,0.0
ACHIEVES,0.0
ACHIEVING,0.0
ADEQUATELY,0.0
ADVANCEMENT,0.0
ADVANCEMENTS,0.0
ADVANCES,0.0
ADVANCING,0.0
ADVANTAGE,0.0
ADVANTAGED,0.0
ADVANTAGEOUS,0.0
ADVANTAGEOUSLY,0.0
ADVANTAGES,0.0
ALLIANCE,0.0
ALLIANCES,0.0
ASSURE,0.0
ASSURED,0.0
ASSURES,0.0
ASSURING,0.0
ATTAIN,0.0
ATTAINED,0.0
ATTAINING,0.0
ATTAINMENT,0.0
ATTAINMENTS,0.0
ATTAINS,0.0
ATTRACTIVE,0.0
ATTRACTIVENESS,0.0
BEAUTIFUL,0.0
BEAUTIFULLY,0.0
BENEFICIAL,0.0
BENEFICIALLY,0.0
BENEFIT,0.0
BENEFITED,0.0
BENEFITING,0.0
BENEFITTED,0.0
BENEFITTING,0.0
BEST,0.0
BETTER,0.0
BOLSTERED,0.0
BOLSTERING,0.0
BOLSTERS,0.0
BOOM,0.0
BOOMING,0.0
BOOST,0.0
BOOSTED,0.0
BREAKTHROUGH,0.0
BREAKTHROUGHS,0.0
BRILLIANT,0.0
CHARITABLE,0.0
COLLABORATE,0.0
COLLABORATED,0.0
COLLABORATES,0.0
COLLABORATING,0.0
COLLABORATION,0.0
COLLABORATIONS,0.0
COLLABORATIVE,0.0
COLLABORATOR,0.0
COLLABORATORS,0.0
COMPLIMENT,0.0
COMPLIMENTARY,0.0
COMPLIMENTED,0.0
COMPLIMENTING,0.0
COMPLIMENTS,0.0
CONCLUSIVE,0.0
CONCLUSIVELY,0.0
CONDUCIVE,0.0
CONFIDENT,0.0
CONSTRUCTIVE,0.0
CONSTRUCTIVELY,0.0
COURTEOUS,0.0
CREATIVE,0.0
CREATIVELY,0.0
CREATIVENESS,0.0
CREATIVITY,0.0
DELIGHT,0.0
DELIGHTED,0.0
DELIGHTFUL,0.0
DELIGHTFULLY,0.0
DELIGHTING,0.0
DELIGHTS,0.0
DEPENDABILITY,0.0
DEPENDABLE,0.0
DESIRABLE,0.0
DESIRED,0.0
DESPITE,0.0
DESTINED,0.0
DILIGENT,0.0
DILIGENTLY,0.0
DISTINCTION,0.0
DISTINCTIONS,0.0
DISTINCTIVE,0.0
DISTINCTIVELY,0.0
DISTINCTIVENESS,0.0
DREAM,0.0
EASIER,0.0
EASILY,0.0
EASY,0.0
EFFECTIVE,0.0
EFFICIENCIES,0.0
EFFICIENCY,0.0
EFFICIENT,0.0
EFFICIENTLY,0.0
EMPOWER,0.0
EMPOWERED,0.0
EMPOWERING,0.0
EMPOWERS,0.0
ENABLE,0.0
ENABLED,0.0
ENABLES,0.0
ENABLING,0.0
ENCOURAGED,0.0
ENCOURAGEMENT,0.0
ENCOURAGES,0.0
ENCOURAGING,0.0
ENHANCE,0.0
ENHANCED,0.0
ENHANCEMENT,0.0
ENHANCEMENTS,0.0
ENHANCES,0.0
ENHANCING,0.0
ENJOY,0.0
ENJOYABLE,0.0
ENJOYABLY,0.0
ENJOYED,0.0
ENJOYING,0.0
ENJOYMENT,0.0
ENJOYS,0.0
ENTHUSIASM,0.0
ENTHUSIASTIC,0.0
ENTHUSIASTICALLY,0.0
EXCELLENCE,0.0
EXCELLENT,0.0
EXCELLING,0.0
EXCELS,0.0
EXCEPTIONAL,0.0
EXCEPTIONALLY,0.0
EXCITED,0.0
EXCITEMENT,0.0
EXCITING,0.0
EXCLUSIVE,0.0
EXCLUSIVELY,0.0
EXCLUSIVENESS,0.0
EXCLUSIVES,0.0
EXCLUSIVITY,0.0
EXEMPLARY,0.0
FANTASTIC,0.0
FAVORABLE,0.0
FAVORABLY,0.0
FAVORED,0.0
FAVORING,0.0
FAVORITE,0.0
FAVORITES,0.0
FRIENDLY,0.0
GAIN,0.0
GAINED,0.0
GAINING,0.0
GAINS,0.0
GOOD,0.0
GREAT,0.0
GREATER,0.0
GREATEST,0.0
GREATLY,0.0
GREATNESS,0.0
HAPPIEST,0.0
HAPPILY,0.0
HAPPINESS,0.0
HAPPY,0.0
HIGHEST,0.0
HONOR,0.0
HONORABLE,0.0
HONORED,0.0
HONORING,0.0
HONORS,0.0
IDEAL,0.0
IMPRESS,0.0
IMPRESSED,0.0
IMPRESSES,0.0
IMPRESSING,0.0
IMPRESSIVE,0.0
IMPRESSIVELY,0.0
IMPROVE,0.0
IMPROVED,0.0
IMPROVEMENT,0.0
IMPROVEMENTS,0.0
IMPROVES,0.0
IMPROVING,0.0
INCREDIBLE,0.0
INCREDIBLY,0.0
INFLUENTIAL,0.0
INFORMATIVE,0.0
INGENUITY,0.0
INNOVATE,0.0
INNOVATED,0.0
INNOVATES,0.0
INNOVATING,0.0
INNOVATION,0.0
INNOVATIONS,0.0
INNOVATIVE,0.0
INNOVATIVENESS,0.0
INNOVATOR,0.0
INNOVATORS,0.0
INSIGHTFUL,0.0
INSPIRATION,0.0
INSPIRATIONAL,0.0
INTEGRITY,0.0
INVENT,0.0
INVENTED,0.0
INVENTING,0.0
INVENTION,0.0
INVENTIONS,0.0
INVENTIVE,0.0
INVENTIVENESS,0.0
INVENTOR,0.0
INVENTORS,0.0
LEADERSHIP,0.0
LEADING,0.0
LOYAL,0.0
LUCRATIVE,0.0
MERITORIOUS,0.0
OPPORTUNITIES,0.0
OPPORTUNITY,0.0
OPTIMISTIC,0.0
OUTPERFORM,0.0
OUTPERFORMED,0.0
OUTPERFORMING,0.0
OUTPERFORMS,0.0
PERFECT,0.0
PERFECTED,0.0
PERFECTLY,0.0
PERFECTS,0.0
PLEASANT,0.0
PLEASANTLY,0.0
PLEASED,0.0
PLEASURE,0.0
PLENTIFUL,0.0
POPULAR,0.0
POPULARITY,0.0
POSITIVE,0.0
POSITIVELY,0.0
PREEMINENCE,0.0
PREEMINENT,0.0
PREMIER,0.0
PREMIERE,0.0
PRESTIGE,0.0
PRESTIGIOUS,0.0
PROACTIVE,0.0
PROACTIVELY,0.0
PROFICIENCY,0.0
PROFICIENT,0.0
PROFICIENTLY,0.0
PROFITABILITY,0.0
PROFITABLE,0.0
PROFITABLY,0.0
PROGRESS,0.0
PROGRESSED,0.0
PROGRESSES,0.0
PROGRESSING,0.0
PROSPERED,0.0
PROSPERING,0.0
PROSPERITY,0.0
PROSPEROUS,0.0
PROSPERS,0.0
REBOUND,0.0
REBOUNDED,0.0
REBOUNDING,0.0
RECEPTIVE,0.0
REGAIN,0.0
REGAINED,0.0
REGAINING,0.0
RESOLVE,0.0
REVOLUTIONIZE,0.0
REVOLUTIONIZED,0.0
REVOLUTIONIZES,0.0
REVOLUTIONIZING,0.0
REWARD,0.0
REWARDED,0.0
REWARDING,0.0
REWARDS,0.0
SATISFACTION,0.0
SATISFACTORILY,0.0
SATISFACTORY,0.0
SATISFIED,0.0
SATISFIES,0.0
SATISFY,0.0
SATISFYING,0.0
SMOOTH,0.0
SMOOTHING,0.0
SMOOTHLY,0.0
SMOOTHS,0.0
SOLVES,0.0
SOLVING,0.0
SPECTACULAR,0.0
SPECTACULARLY,0.0
STABILITY,0.0
STABILIZATION,0.0
STABILIZATIONS,0.0
STABILIZE,0.0
STABILIZED,0.0
STABILIZES,0.0
STABILIZING,0.0
STABLE,0.0
STRENGTH,0.0
STRENGTHEN,0.0
STRENGTHENED,0.0
STRENGTHENING,0.0
STRENGTHENS,0.0
STRENGTHS,0.0
STRONG,0.0
STRONGER,0.0
STRONGEST,0.0
SUCCEED,0.0
SUCCEEDED,0.0
SUCCEEDING,0.0
SUCCEEDS,0.0
SUCCESS,0.0
SUCCESSES,0.0
SUCCESSFUL,0.0
SUCCESSFULLY,0.0
SUPERIOR,0.0
SURPASS,0.0
SURPASSED,0.0
SURPASSES,0.0
SURPASSING,0.0
TRANSPARENCY,0.0
TREMENDOUS,0.0
TREMENDOUSLY,0.0
UNMATCHED,0.0
UNPARALLELED,0.0
UNSURPASSED,0.0
UPTURN,0.0
UPTURNS,0.0
VALUABLE,0.0
VERSATILE,0.0
VERSATILITY,0.0
VIBRANCY,0.0
VIBRANT,0.0
WIN,0.0
WINNER,0.0
WINNERS,0.0
WINNING,0.0
WORTHY,0.0
